qid	len_fileA	len_fileB	min_len
214771	7	6	6
870693	8	8	8
996042	7	6	6
992224	9	7	7
1102325	7	9	7
203039	6	6	6
661945	9	12	9
594105	6	6	6
1084555	7	8	7
575407	7	6	6
1100218	8	8	8
997935	6	6	6
88577	8	7	7
760367	10	7	7
954307	6	8	6
635079	6	6	6
1021679	12	8	8
998609	7	6	6
1099482	8	9	8
51276	7	8	7
558046	6	8	6
993821	12	8	8
277799	6	6	6
657974	7	7	7
1095971	7	6	6
1072874	13	6	6
1021532	11	12	11
1091983	9	7	7
1087076	9	8	8
1084755	7	8	7
266760	9	9	9
1003445	6	6	6
907127	10	10	10
1096541	7	6	6
893275	13	10	10
165002	9	9	9
913568	7	8	7
1100839	6	7	6
632455	7	8	7
157149	12	13	12
1101296	8	6	6
804103	7	7	7
1072500	7	6	6
305333	8	6	6
307008	6	8	6
1096866	6	6	6
649200	6	7	6
1004921	9	8	8
1003329	6	7	6
290585	13	9	9
1096619	9	9	9
550331	8	9	8
80590	9	10	9
1019602	6	6	6
1002889	6	6	6
844390	7	6	6
1086384	10	7	7
307005	6	7	6
144285	9	6	6
1008911	8	8	8
1095332	8	9	8
1085760	12	15	12
1101228	6	7	6
407131	10	9	9
283344	8	9	8
1096180	10	7	7
1034595	7	6	6
254652	12	8	8
21793	6	6	6
810394	10	7	7
912234	10	9	9
291248	9	7	7
1065118	6	8	6
1026372	7	6	6
1000006	9	8	8
1036005	8	9	8
1049221	7	6	6
985158	8	8	8
942915	6	7	6
1089760	9	10	9
1090399	8	7	7
1033962	7	7	7
257018	10	9	9
968608	10	12	10
390484	6	6	6
1032074	6	6	6
1021907	10	9	9
824542	7	6	6
832790	10	12	10
1096840	13	11	11
1041043	12	8	8
1087967	8	7	7
622734	6	6	6
1097469	11	13	11
1093941	9	10	9
374690	7	6	6
375891	7	7	7
984434	8	8	8
1056644	7	13	7
1097619	9	6	6
547820	6	7	6
1099626	15	8	8
242103	9	8	8
618818	9	6	6
1096021	9	8	8
1098787	7	7	7
968004	9	6	6
1097213	8	6	6
1009109	11	8	8
567895	11	6	6
685091	8	7	7
78076	7	9	7
813899	10	8	8
1096207	10	8	8
5925	9	7	7
885153	9	8	8
1040238	10	7	7
823596	7	7	7
361620	8	6	6
2235	7	7	7
1101902	8	8	8
244821	7	7	7
136700	6	6	6
1083627	6	8	6
331141	7	7	7
686541	9	7	7
225499	6	6	6
244092	6	7	6
1022712	7	11	7
1095856	9	8	8
1096964	7	6	6
1077006	6	9	6
1003973	6	8	6
733591	6	6	6
223165	7	6	6
1000959	10	7	7
1069108	7	7	7
1016869	7	8	7
1097066	10	10	10
828588	7	6	6
50833	6	7	6
991138	6	7	6
424408	7	10	7
1089177	6	7	6
371204	7	7	7
583234	8	8	8
1096830	7	7	7
930621	9	8	8
511417	6	7	6
624176	7	7	7
775457	6	6	6
278658	9	11	9
599720	11	12	11
822642	7	7	7
932878	10	9	9
988915	10	8	8
883861	6	6	6
73094	11	14	11
1087915	7	6	6
1016583	7	7	7
79891	8	10	8
25534	8	8	8
898318	6	6	6
1025483	9	7	7
1008515	9	10	9
412319	8	11	8
1096025	8	7	7
473361	8	6	6
1016943	9	8	8
510158	8	8	8
1009959	9	11	9
176744	8	9	8
517516	7	6	6
926436	7	9	7
1092870	6	8	6
944194	6	6	6
994449	12	17	12
887395	6	8	6
632923	8	7	7
870861	8	7	7
594930	11	8	8
870875	7	6	6
891498	8	8	8
915762	8	8	8
1020710	7	7	7
1071061	8	9	8
1093462	6	7	6
868919	9	9	9
75266	6	8	6
237373	7	7	7
1082448	11	10	10
1035247	8	6	6
845892	11	9	9
888777	6	7	6
495082	6	6	6
342115	7	7	7
692955	9	7	7
1101236	6	7	6
958142	6	7	6
270520	7	6	6
1062603	6	7	6
703268	8	6	6
633635	6	6	6
1098806	8	8	8
414714	14	7	7
882002	6	7	6
423178	7	7	7
424045	10	11	10
1010700	7	8	7
261098	7	6	6
222954	8	6	6
1070867	13	15	13
568649	8	8	8
326629	10	9	9
341736	8	11	8
581521	11	7	7
665231	7	7	7
827801	6	9	6
286915	8	6	6
585344	12	12	12
1005653	7	8	7
994688	11	11	11
1097796	9	8	8
960302	9	11	9
188714	7	7	7
1096252	8	7	7
917489	6	6	6
1062350	7	6	6
842108	11	7	7
1083150	6	8	6
421437	7	8	7
808716	7	9	7
231298	10	8	8
414155	12	9	9
6217	9	9	9
822585	7	6	6
298444	10	8	8
993834	17	16	16
679878	8	8	8
1094191	8	7	7
31222	6	6	6
1052985	6	6	6
234651	7	9	7
1098355	7	9	7
554738	6	6	6
437291	6	6	6
1039361	7	6	6
1098013	9	8	8
1037116	7	6	6
1035078	8	6	6
1069474	6	6	6
1087766	6	6	6
1091749	6	8	6
997648	9	6	6
900924	15	15	15
780215	7	8	7
1088347	6	6	6
171527	6	7	6
988745	7	7	7
1000678	6	6	6
428113	11	11	11
864905	11	11	11
231109	10	9	9
414733	13	10	10
74759	6	8	6
1094575	8	7	7
928753	12	15	12
1098010	9	7	7
169305	6	8	6
374799	10	7	7
62055	7	9	7
569674	8	7	7
1086874	7	6	6
1007691	17	18	17
155700	7	6	6
993748	10	8	8
1086974	12	13	12
1063607	6	6	6
998062	7	6	6
255633	10	8	8
988119	8	8	8
1084982	7	7	7
376537	7	7	7
1085139	6	6	6
664194	6	10	6
426622	8	8	8
1080555	7	7	7
1051755	7	7	7
1098698	11	9	9
1096788	10	7	7
885081	8	9	8
340006	6	7	6
735384	6	6	6
1094605	8	6	6
80712	9	11	9
1010670	7	9	7
701390	7	7	7
319564	6	6	6
1090364	9	8	8
400311	9	7	7
1086224	6	6	6
298940	11	9	9
613694	7	8	7
166043	7	10	7
1096886	8	11	8
612846	6	9	6
1051285	6	6	6
952047	7	6	6
563943	7	7	7
1083340	11	9	9
808746	7	6	6
250228	8	7	7
351820	9	8	8
1058717	6	7	6
1096551	13	9	9
897789	6	6	6
403388	6	8	6
655046	10	6	6
567630	8	7	7
1081338	7	7	7
1093443	6	9	6
1029617	8	9	8
161828	7	7	7
1027178	6	6	6
1084599	6	7	6
1026711	9	10	9
564668	7	7	7
280223	8	7	7
885932	11	11	11
922398	9	6	6
278429	10	11	10
1010524	13	10	10
892329	6	6	6
178468	8	6	6
282214	6	7	6
1097786	6	6	6
783963	6	7	6
1045567	6	7	6
855050	9	7	7
1086022	6	6	6
872777	6	8	6
656376	12	13	12
1086075	7	7	7
1093196	9	8	8
1040088	7	6	6
1084389	6	6	6
1087122	9	7	7
992531	7	7	7
581975	11	7	7
515813	8	7	7
1040038	8	6	6
869891	8	6	6
1098905	6	8	6
848478	10	8	8
820899	8	6	6
944700	9	8	8
77424	7	10	7
776517	7	6	6
816483	13	7	7
578783	6	6	6
591898	6	7	6
913286	9	7	7
1020198	8	7	7
408563	8	8	8
1096368	7	8	7
339888	7	6	6
222158	8	8	8
758519	7	7	7
1001810	15	16	15
1013797	9	8	8
1084722	6	6	6
227992	6	6	6
932639	7	6	6
992802	23	21	21
868953	7	7	7
591993	6	7	6
896931	8	8	8
985167	9	7	7
405310	8	6	6
1031033	9	7	7
641293	11	7	7
209764	6	7	6
68832	7	7	7
275997	9	7	7
825948	8	7	7
1098452	9	6	6
329958	6	7	6
878817	9	9	9
73257	6	6	6
910622	18	23	18
1011512	10	14	10
870422	10	9	9
991762	7	6	6
1033443	8	6	6
936273	8	8	8
961950	6	7	6
1007473	11	12	11
289586	8	6	6
144682	7	8	7
1085796	6	9	6
507434	11	10	10
267187	7	7	7
1095807	8	7	7
1090537	9	10	9
582705	11	11	11
15063	6	8	6
1037689	7	6	6
436844	7	6	6
145569	7	7	7
352236	6	10	6
399970	6	8	6
270140	11	14	11
1099452	12	16	12
315291	10	6	6
779475	8	8	8
840061	7	7	7
901206	7	8	7
988954	7	8	7
601624	8	7	7
900731	9	9	9
102627	6	7	6
613870	6	6	6
234821	7	7	7
1101282	8	8	8
1076078	7	9	7
630318	9	6	6
1096605	8	6	6
822937	7	6	6
1040793	9	8	8
1003875	6	8	6
1015055	13	14	13
896383	10	8	8
63152	9	10	9
705681	7	7	7
1031682	9	8	8
1022198	16	12	12
580483	7	11	7
454018	7	7	7
1094612	29	24	24
1100119	6	8	6
283154	8	8	8
156889	8	6	6
539648	7	9	7
1015641	8	7	7
285656	8	7	7
1025259	14	12	12
1000170	11	8	8
1101434	6	6	6
624644	7	7	7
420365	6	6	6
260762	8	8	8
234114	7	8	7
275355	8	7	7
303934	8	9	8
1068924	11	14	11
263889	7	8	7
1071389	7	7	7
1065971	7	6	6
703270	11	8	8
627323	8	8	8
1025801	9	9	9
996011	14	14	14
568585	9	8	8
650462	8	6	6
1027373	7	6	6
1095085	6	8	6
1024592	7	10	7
573157	9	6	6
372070	7	6	6
634174	7	8	7
1097995	7	8	7
996181	8	7	7
9454	7	6	6
674702	7	10	7
992757	16	12	12
277701	8	9	8
328611	9	7	7
147073	6	8	6
198807	11	16	11
1093927	6	8	6
454258	6	6	6
872855	15	15	15
913374	9	8	8
1085775	13	9	9
1095377	8	8	8
999685	7	7	7
1033652	7	7	7
571103	6	6	6
738165	6	6	6
961097	6	7	6
1095816	7	7	7
866251	10	8	8
603031	6	6	6
1092832	10	9	9
1039052	7	7	7
1095059	6	7	6
1066792	7	6	6
1040959	14	11	11
297672	12	11	11
59190	7	8	7
1071722	9	10	9
1047592	7	7	7
1082427	6	7	6
1056950	9	9	9
1099050	9	9	9
641156	11	10	10
1029772	9	7	7
1089940	15	11	11
1016281	8	7	7
27618	6	7	6
631724	6	6	6
20671	12	12	12
13397	9	9	9
173001	9	8	8
840445	8	7	7
891719	10	7	7
362845	8	11	8
986411	7	7	7
170788	8	8	8
111723	11	14	11
893642	10	10	10
968071	8	8	8
331352	9	8	8
1034703	10	8	8
849337	8	10	8
838845	8	7	7
1016547	7	7	7
1090029	6	7	6
660534	7	6	6
161117	10	10	10
1090530	6	6	6
307492	6	6	6
252295	12	9	9
817597	8	7	7
1089541	14	14	14
1023363	6	7	6
988504	8	8	8
1101303	7	8	7
329901	8	6	6
330792	7	7	7
1094215	8	7	7
1087185	7	6	6
1050670	6	8	6
988911	8	6	6
208265	6	6	6
995595	8	9	8
417902	8	8	8
917022	7	6	6
537825	6	6	6
391481	12	13	12
824371	7	6	6
576312	8	12	8
944451	7	7	7
511837	7	8	7
1038859	9	8	8
1009183	8	6	6
176677	12	8	8
944231	7	7	7
971729	7	6	6
844594	9	8	8
1094991	10	7	7
328527	11	7	7
636188	7	6	6
1095566	8	6	6
192579	8	8	8
991079	6	6	6
1047625	7	7	7
1031684	10	11	10
18101	6	8	6
8798	7	7	7
1006509	9	10	9
818842	8	8	8
1095942	9	7	7
593732	11	8	8
915544	10	10	10
1098763	9	7	7
170770	7	8	7
282397	7	6	6
592672	10	10	10
659230	12	11	11
436602	6	6	6
1008968	9	8	8
812734	8	8	8
828779	6	6	6
1089805	11	9	9
1002238	8	7	7
1010287	7	8	7
1087803	7	9	7
393696	12	11	11
29097	8	8	8
75608	6	6	6
999756	7	7	7
1099836	6	7	6
427730	8	7	7
1043955	8	8	8
868487	6	8	6
649893	9	8	8
1021797	7	8	7
868598	13	13	13
1083535	8	9	8
940386	10	14	10
245120	6	6	6
822649	8	6	6
993353	11	13	11
686260	7	7	7
28442	8	6	6
1073980	7	6	6
985275	7	8	7
1053901	6	7	6
1049867	6	7	6
1087042	7	7	7
994792	6	7	6
1083307	8	6	6
1082779	8	6	6
61836	8	7	7
1096454	11	10	10
931772	8	6	6
992365	6	6	6
100307	8	7	7
1089706	12	8	8
6791	7	7	7
845304	10	6	6
825954	8	10	8
1083430	7	6	6
843409	7	6	6
661028	7	6	6
1089670	9	8	8
1024835	8	8	8
1083472	9	9	9
865476	8	7	7
1082603	8	8	8
826153	12	13	12
988743	9	10	9
754191	8	11	8
1099595	8	9	8
663771	9	9	9
877810	7	9	7
546825	7	6	6
872946	6	8	6
847722	9	7	7
809798	10	7	7
996414	6	6	6
1089804	10	7	7
400631	7	8	7
339934	8	7	7
592220	6	7	6
1095108	9	7	7
163570	6	8	6
1048876	7	9	7
61623	7	9	7
1032182	8	7	7
1089143	7	9	7
458885	6	6	6
1021605	9	10	9
939473	11	10	10
62411	9	8	8
1060496	8	7	7
400696	7	7	7
1026148	6	6	6
597870	9	7	7
1092417	6	6	6
387662	7	6	6
316803	11	7	7
1039346	9	7	7
1094477	11	16	11
1022359	7	8	7
881695	6	6	6
1010048	8	7	7
1096739	11	7	7
941515	9	7	7
260172	8	9	8
831601	8	8	8
814568	9	8	8
1022124	8	6	6
1053992	10	7	7
238886	7	6	6
1097014	12	11	11
944949	6	7	6
935358	8	6	6
921812	6	7	6
616331	7	8	7
293401	10	10	10
172981	6	8	6
759062	11	7	7
1095306	7	6	6
310948	8	7	7
8714	16	12	12
302878	8	7	7
1098520	8	12	8
619087	6	6	6
323096	9	6	6
782079	8	6	6
248385	8	9	8
902919	6	7	6
416457	6	7	6
1012464	10	8	8
833507	8	9	8
326719	7	6	6
1098249	11	12	11
1011382	6	6	6
1019830	6	7	6
1097999	7	8	7
997122	8	7	7
1091688	6	7	6
645024	6	7	6
1084838	7	8	7
1085393	6	7	6
257309	16	13	13
277737	6	6	6
323382	9	7	7
81137	10	9	9
1000864	7	9	7
303790	11	11	11
1031054	9	8	8
1082002	6	7	6
740876	7	7	7
976829	7	6	6
574317	8	10	8
974670	7	7	7
759515	7	7	7
190078	6	6	6
858421	6	6	6
581552	7	8	7
831052	7	6	6
470001	6	6	6
995805	8	11	8
778948	6	6	6
1095982	6	6	6
239189	9	9	9
440098	7	8	7
991241	6	6	6
77323	7	7	7
1082502	7	7	7
18759	6	8	6
1037188	11	9	9
285375	7	8	7
1096257	7	6	6
65038	6	9	6
659247	6	6	6
428424	14	11	11
869519	8	9	8
1087735	6	7	6
315884	10	7	7
783687	8	9	8
1090965	6	8	6
1098182	14	12	12
1012866	8	6	6
388588	10	9	9
914368	6	7	6
807585	7	6	6
745794	6	7	6
1017605	6	7	6
834848	13	7	7
994133	9	10	9
267341	9	9	9
1022132	11	8	8
1084197	7	7	7
550609	7	7	7
1079888	6	6	6
66161	10	9	9
300933	6	6	6
884533	6	6	6
1096498	9	8	8
1013229	10	6	6
1098556	8	6	6
832508	7	7	7
1055921	11	11	11
913579	7	7	7
662334	7	8	7
1084814	6	6	6
613727	6	6	6
998641	9	8	8
761963	6	8	6
1049894	6	9	6
885301	7	6	6
76283	6	6	6
337509	11	6	6
979787	6	7	6
1087317	8	6	6
153794	8	8	8
412982	6	6	6
658667	8	8	8
1095469	12	8	8
1098510	8	7	7
939744	6	7	6
503401	7	6	6
667373	6	6	6
1086681	9	9	9
1086834	11	11	11
860078	6	6	6
1012865	6	9	6
627085	8	6	6
912898	6	9	6
262974	7	9	7
387864	10	11	10
1096429	8	6	6
436586	8	9	8
1079535	7	6	6
326410	9	6	6
320792	8	7	7
741392	7	6	6
1013592	9	8	8
628532	6	7	6
1085422	6	7	6
1040022	8	6	6
953274	10	10	10
921621	9	8	8
994397	8	9	8
1007628	14	10	10
865616	6	8	6
21741	8	9	8
639163	6	7	6
1097198	9	7	7
1094579	6	6	6
1094566	6	7	6
885433	10	9	9
1086120	6	6	6
1095874	6	6	6
230725	7	7	7
1098110	7	9	7
662282	6	6	6
406923	7	7	7
427532	9	7	7
540306	16	13	13
69506	8	11	8
239648	6	7	6
81075	7	7	7
721409	7	7	7
986068	8	8	8
415500	6	6	6
69871	8	10	8
1102001	6	7	6
1000619	7	6	6
370068	9	11	9
690956	6	6	6
75698	7	8	7
1096628	9	6	6
960566	7	8	7
979133	7	7	7
1096870	9	11	9
473319	7	9	7
1029030	7	7	7
74356	7	8	7
1087077	7	6	6
813605	7	6	6
69789	11	10	10
1003849	6	7	6
289276	9	8	8
540906	7	7	7
993627	10	11	10
290779	8	10	8
662524	12	10	10
733422	6	6	6
893271	12	14	12
1084986	6	6	6
630391	9	6	6
1072506	8	8	8
426214	7	8	7
217246	9	7	7
910818	8	8	8
1083443	7	7	7
810270	10	8	8
1097939	6	8	6
991111	6	9	6
1034446	8	7	7
89418	7	7	7
531142	6	7	6
935362	9	7	7
882141	9	9	9
1095335	6	7	6
1086713	7	6	6
855029	8	7	7
144491	9	10	9
991685	7	7	7
1017204	7	8	7
1041714	9	6	6
575146	10	9	9
1060868	6	8	6
1031909	9	6	6
953332	8	6	6
957607	7	7	7
931726	8	9	8
988710	11	6	6
841521	8	8	8
1097674	10	7	7
1034680	6	7	6
1043337	7	6	6
394021	6	6	6
842596	7	8	7
1089964	7	7	7
176701	10	13	10
303045	6	6	6
1099756	7	8	7
1003006	6	6	6
1074989	9	7	7
231482	8	9	8
443489	6	7	6
995380	11	8	8
605651	6	6	6
861403	6	9	6
1065558	8	8	8
1086575	7	6	6
556248	8	8	8
1087046	9	8	8
1048585	6	6	6
1080253	15	11	11
330640	9	7	7
789997	8	6	6
540456	7	9	7
290830	8	9	8
1038184	8	7	7
593792	7	6	6
942354	8	9	8
939020	6	6	6
307521	6	6	6
1068726	10	11	10
496717	6	6	6
225752	8	7	7
1059442	6	6	6
438455	8	7	7
904389	8	7	7
1097448	7	8	7
807845	9	7	7
192894	8	8	8
430989	7	11	7
1040312	8	6	6
914845	7	7	7
728823	6	7	6
1045135	7	6	6
1077844	10	9	9
786674	6	8	6
1087848	6	6	6
1022735	9	9	9
994947	6	7	6
872823	6	6	6
884870	8	8	8
1096527	8	6	6
884722	8	9	8
244929	7	9	7
327750	7	7	7
848100	9	7	7
1007606	7	7	7
929046	8	9	8
1073721	7	10	7
900062	6	7	6
430229	6	8	6
1095555	8	6	6
1095557	9	10	9
998680	7	8	7
1017952	10	12	10
272047	6	7	6
653092	6	6	6
1003695	6	7	6
733510	6	6	6
1095654	11	8	8
608323	7	7	7
963788	8	9	8
964152	9	9	9
1003603	8	9	8
1080937	7	6	6
915769	7	6	6
837476	8	7	7
634412	8	6	6
1085192	11	11	11
1098609	12	7	7
1007875	6	8	6
1050033	6	6	6
84473	6	7	6
571954	9	6	6
733186	8	8	8
1034839	13	11	11
1085327	6	6	6
1102163	7	7	7
424092	7	8	7
574569	9	8	8
934795	10	10	10
1101279	8	10	8
1082445	6	7	6
817349	9	7	7
1040353	8	7	7
617611	9	10	9
272605	8	6	6
953355	8	8	8
824920	7	7	7
241246	9	8	8
1036380	8	6	6
42361	6	6	6
244011	10	8	8
63548	7	7	7
1086893	9	7	7
805900	12	9	9
70787	6	6	6
688644	10	9	9
212634	6	8	6
883282	8	8	8
808362	7	6	6
1014264	7	7	7
749244	6	6	6
811266	10	7	7
1099108	9	8	8
415815	8	7	7
1016915	7	8	7
564707	9	7	7
988412	9	6	6
994479	16	18	16
1093507	11	8	8
519145	10	11	10
636437	7	7	7
1033534	9	7	7
1086281	7	7	7
588775	8	9	8
831815	8	8	8
1089691	6	9	6
1052717	6	6	6
1091059	6	6	6
1100732	6	9	6
911605	7	7	7
1040694	7	6	6
314907	9	7	7
808528	12	12	12
1047012	6	7	6
584500	8	9	8
1007673	6	7	6
1091108	13	11	11
609104	6	8	6
803237	6	6	6
288200	7	9	7
293992	8	7	7
816893	10	7	7
664138	9	10	9
921348	9	7	7
829050	7	6	6
675320	6	7	6
393268	7	7	7
970242	7	10	7
1000459	9	9	9
842221	12	9	9
284565	7	8	7
1092470	6	6	6
167371	7	6	6
955117	10	9	9
885986	8	9	8
666792	13	13	13
1083948	6	8	6
1086679	7	8	7
82100	6	6	6
574547	9	8	8
1100187	6	8	6
256052	9	6	6
613852	6	7	6
458110	6	8	6
1099288	6	7	6
1082730	8	9	8
1097537	8	8	8
861433	6	6	6
818612	8	7	7
660479	6	8	6
1096610	7	8	7
1026991	10	7	7
1085733	6	8	6
915305	8	7	7
723144	6	8	6
1096667	9	6	6
639084	6	9	6
1096932	9	7	7
301777	8	8	8
865426	10	9	9
1043969	11	8	8
1086765	8	6	6
567714	9	6	6
994941	7	9	7
1015766	14	12	12
1086836	10	6	6
1023025	9	10	9
1101906	6	9	6
1085550	6	7	6
1095560	9	9	9
369981	7	6	6
914545	9	8	8
869827	8	7	7
1096360	8	7	7
855031	8	7	7
887398	8	8	8
54648	8	6	6
1038830	7	6	6
427086	6	8	6
862701	10	7	7
804197	7	6	6
551309	8	7	7
798253	6	7	6
556587	6	6	6
633916	7	8	7
905604	8	9	8
577511	9	8	8
1097905	7	8	7
941865	10	8	8
1019414	10	8	8
517386	18	14	14
1097023	10	7	7
585806	8	7	7
1097894	6	7	6
1083997	6	6	6
1083127	6	7	6
1041050	9	7	7
1025991	7	6	6
1090727	6	6	6
28216	9	7	7
565856	12	13	12
667535	8	10	8
1087589	7	7	7
143849	6	7	6
1036627	7	6	6
125996	8	8	8
666694	14	11	11
550565	11	9	9
1065160	9	9	9
931940	10	8	8
1087455	11	10	10
259781	9	8	8
1098048	9	6	6
589586	10	7	7
890532	8	7	7
347491	6	6	6
1101336	7	6	6
1098338	8	8	8
78418	8	12	8
1094519	10	8	8
578607	7	7	7
957688	6	10	6
787255	7	9	7
277785	7	8	7
556166	7	8	7
1010059	12	12	12
1017773	7	7	7
700835	7	8	7
1017537	15	18	15
1086266	8	9	8
1100486	6	6	6
709559	8	7	7
1058885	9	9	9
740762	7	6	6
995806	13	13	13
271038	6	6	6
1011003	6	6	6
852037	8	8	8
1016790	12	7	7
908154	8	8	8
1083642	7	8	7
801907	9	10	9
1096644	10	6	6
1079141	8	8	8
991662	12	13	12
1098804	8	9	8
615457	6	7	6
663679	8	8	8
307118	8	8	8
1054450	6	6	6
1022782	7	7	7
255027	10	12	10
994070	11	10	10
1085288	13	15	13
245921	9	9	9
250367	13	10	10
1082607	8	7	7
1099700	7	12	7
65770	8	8	8
1081609	6	6	6
1032822	9	9	9
1057539	9	9	9
1086760	7	9	7
75335	6	7	6
1035321	10	8	8
771170	6	6	6
609956	6	8	6
914321	11	9	9
1083410	6	6	6
1014697	11	8	8
961579	11	13	11
1005475	8	6	6
998891	6	7	6
11050	7	8	7
142153	9	8	8
263670	8	7	7
565915	10	9	9
975688	8	7	7
1079340	8	10	8
954144	11	11	11
721885	7	7	7
330450	8	6	6
1074603	7	8	7
103125	7	8	7
408765	10	8	8
1082263	11	10	10
987237	9	8	8
1058425	7	8	7
1053611	6	6	6
909886	7	7	7
298550	9	6	6
1092005	9	9	9
1033205	8	6	6
1084624	8	7	7
1101298	7	8	7
1011381	13	11	11
929372	6	6	6
1095699	13	14	13
926980	7	8	7
162351	8	6	6
326509	9	8	8
391662	10	9	9
566946	7	6	6
863623	8	9	8
1038879	11	7	7
1046475	6	8	6
174344	10	11	10
1093926	7	6	6
32176	8	8	8
575492	7	6	6
1012780	8	8	8
300306	7	9	7
22231	8	9	8
1000951	8	10	8
994005	8	9	8
1085356	6	7	6
276348	11	9	9
902657	6	7	6
992677	13	15	13
300674	12	11	11
290091	8	10	8
231292	9	7	7
1015556	7	6	6
1026775	9	9	9
81945	6	7	6
12903	6	7	6
579479	9	8	8
74328	8	7	7
165116	7	6	6
1091690	8	7	7
723781	7	7	7
257885	13	11	11
1096476	16	19	16
68095	7	8	7
1086555	7	7	7
588888	6	8	6
368728	8	8	8
1003590	7	7	7
469873	7	10	7
210690	9	10	9
952452	8	8	8
1085229	6	6	6
420304	7	6	6
596282	6	8	6
988306	7	6	6
656859	8	8	8
922389	8	7	7
1048381	6	8	6
1016406	19	16	16
625458	9	7	7
287912	9	6	6
1056405	8	6	6
240584	6	6	6
596088	6	6	6
953020	9	8	8
1024312	6	6	6
163602	6	7	6
948532	9	8	8
1087736	9	9	9
874914	6	10	6
767671	6	7	6
220151	6	8	6
250636	8	9	8
994338	7	7	7
1081946	6	7	6
672753	7	10	7
1092543	7	8	7
1087129	9	7	7
1100980	13	14	13
896479	8	6	6
992184	6	6	6
943170	9	7	7
171691	6	9	6
1097508	8	7	7
160339	6	6	6
626005	8	6	6
846082	10	7	7
228738	7	8	7
626462	9	7	7
574002	8	6	6
100250	6	6	6
1095633	9	9	9
841961	8	6	6
1018359	7	7	7
660672	8	9	8
1043914	14	10	10
1102300	7	7	7
1021682	12	8	8
1010537	6	6	6
264284	7	8	7
1095928	6	6	6
1096641	11	10	10
1011140	8	8	8
760817	8	12	8
1050231	6	7	6
1095537	7	6	6
863112	7	7	7
682190	7	7	7
1095631	8	8	8
323592	6	8	6
1007959	10	7	7
626701	6	7	6
10276	8	6	6
1032281	7	6	6
278542	7	8	7
1010277	15	15	15
987671	9	8	8
823203	12	10	10
728460	8	9	8
1026799	10	7	7
1011166	9	6	6
1004191	6	7	6
984856	8	9	8
379337	8	8	8
1063659	13	11	11
8701	23	21	21
1094081	7	6	6
820161	9	7	7
1082966	6	7	6
1099903	6	6	6
251172	9	12	9
299350	7	6	6
576360	6	6	6
375291	8	8	8
1072188	7	6	6
1093920	20	17	17
894610	11	10	10
727765	6	6	6
895932	7	6	6
1031910	10	8	8
1097314	9	9	9
993883	15	12	12
775138	8	8	8
1084230	6	9	6
1097223	7	8	7
155234	6	6	6
1083598	6	6	6
625205	8	8	8
995576	7	7	7
338917	6	8	6
183880	6	6	6
1019649	6	7	6
665972	7	10	7
552868	11	6	6
408945	8	8	8
1010615	9	7	7
372378	9	8	8
1088928	9	9	9
1085924	7	8	7
339981	7	6	6
294518	8	7	7
278606	6	8	6
1011328	13	9	9
1033249	7	7	7
499126	7	6	6
590433	7	8	7
859229	9	9	9
1097585	10	13	10
160671	11	11	11
583686	9	6	6
997713	10	7	7
1008977	8	7	7
1083108	9	7	7
1070546	8	7	7
1002584	7	9	7
1083157	8	6	6
559318	8	8	8
663890	15	13	13
1086085	10	8	8
358150	7	7	7
1078906	10	10	10
998192	7	7	7
987822	11	10	10
1042099	8	7	7
259763	15	13	13
1096509	10	7	7
572517	10	7	7
270642	6	7	6
299023	10	11	10
726614	6	6	6
393881	7	7	7
1082339	6	8	6
823549	7	7	7
803861	7	6	6
290499	7	7	7
505810	6	6	6
738422	6	8	6
166403	7	8	7
267566	12	11	11
1084075	8	8	8
337073	12	8	8
1013615	7	6	6
312368	7	6	6
1086008	7	7	7
893681	6	6	6
867947	8	6	6
245416	7	7	7
1085008	8	6	6
1090242	6	6	6
1033725	6	6	6
1083095	6	7	6
1005476	7	6	6
54531	8	11	8
154785	8	9	8
1093621	6	6	6
837740	7	6	6
66771	8	6	6
1085980	11	11	11
1068276	6	6	6
569507	10	9	9
313940	6	6	6
212251	7	8	7
806574	8	7	7
1096044	7	6	6
912879	10	12	10
909547	10	9	9
845719	9	9	9
589423	6	7	6
868525	8	8	8
1007696	19	19	19
1096947	6	7	6
884878	9	8	8
1098101	8	9	8
871376	7	8	7
289812	7	7	7
837202	7	6	6
999691	7	6	6
994311	9	8	8
632106	6	6	6
58551	15	17	15
275629	10	7	7
323815	8	9	8
437752	9	9	9
877161	12	12	12
1041159	9	8	8
634126	8	7	7
1096457	12	8	8
338040	6	9	6
1093491	13	8	8
208145	6	8	6
837467	6	8	6
1000000	6	9	6
261652	8	6	6
1008951	10	10	10
1085532	6	6	6
1096620	8	6	6
781877	6	6	6
690508	6	6	6
169390	6	6	6
1102235	6	6	6
997744	7	7	7
468907	11	14	11
1021318	10	8	8
1003557	7	6	6
1033718	9	9	9
572978	9	7	7
1036244	7	9	7
965578	7	8	7
1011860	6	12	6
649294	9	9	9
272500	8	8	8
211621	8	8	8
1097236	6	7	6
1097119	9	6	6
653054	10	7	7
292225	8	8	8
1096911	6	6	6
426504	7	6	6
354515	6	6	6
235027	9	9	9
1087764	8	7	7
820027	7	8	7
1093322	8	7	7
575616	7	6	6
73853	7	7	7
418423	7	7	7
409694	7	7	7
1009994	12	9	9
290632	7	7	7
960265	9	6	6
748054	6	9	6
1086855	8	7	7
1040409	12	9	9
1094501	10	10	10
257335	11	7	7
1086385	7	6	6
72398	6	7	6
348994	8	6	6
1034039	11	8	8
252632	11	10	10
1093757	6	6	6
960397	6	6	6
839878	10	9	9
1054969	8	7	7
822218	8	7	7
1010057	6	8	6
1078198	8	7	7
988787	11	10	10
1101466	6	7	6
1215	9	7	7
1081086	8	9	8
575096	9	9	9
1099943	6	6	6
1095542	9	6	6
431602	7	6	6
907046	9	11	9
897240	13	15	13
910150	7	7	7
417946	7	10	7
1089945	30	31	30
1101467	6	7	6
1003831	7	10	7
258337	10	7	7
1094249	22	18	18
226509	7	8	7
1099099	9	6	6
879657	7	8	7
998223	8	7	7
555458	6	7	6
235089	7	9	7
551413	6	7	6
822859	7	6	6
815618	8	7	7
1024528	11	6	6
1065728	8	7	7
1066966	8	8	8
850557	6	7	6
1021241	15	15	15
1089027	6	7	6
910870	9	9	9
47674	6	8	6
1057446	6	6	6
1051307	7	7	7
706342	6	6	6
425505	9	10	9
604229	6	8	6
1037033	14	11	11
995141	6	6	6
1039195	11	9	9
282411	7	7	7
612471	6	6	6
734198	11	10	10
698828	6	6	6
53991	7	8	7
1019470	20	21	20
28352	8	6	6
237370	6	8	6
329515	8	8	8
1045071	7	6	6
1098236	7	6	6
737940	6	7	6
1082792	14	13	13
1002145	7	8	7
1085533	6	8	6
248086	11	10	10
1099636	7	7	7
996835	7	6	6
830649	10	10	10
1006489	8	8	8
886382	8	8	8
911032	15	15	15
993255	21	18	18
990223	6	6	6
1040703	10	8	8
237561	6	6	6
1031173	9	7	7
306806	7	7	7
1052610	10	9	9
944181	6	6	6
986197	11	10	10
370979	11	6	6
30956	7	7	7
299732	11	10	10
17635	17	12	12
644023	10	12	10
1079050	11	11	11
492853	7	9	7
381321	6	6	6
567452	7	7	7
984948	8	8	8
36473	6	7	6
960437	7	6	6
311067	7	7	7
718444	6	8	6
172608	11	8	8
562821	8	9	8
1098222	15	10	10
512564	7	6	6
361594	7	7	7
992659	9	10	9
1025895	6	7	6
160694	10	8	8
307504	7	6	6
912992	7	9	7
1096475	13	15	13
1052948	7	8	7
842333	8	8	8
516413	11	11	11
1086942	8	7	7
314307	9	8	8
993996	8	10	8
400692	6	7	6
1098497	6	6	6
1005907	10	9	9
62648	7	6	6
1056482	8	8	8
609799	6	7	6
560059	6	7	6
1005191	11	11	11
1052563	7	6	6
323998	6	6	6
914707	6	6	6
1061210	6	6	6
75801	6	8	6
355484	6	8	6
961705	7	7	7
1097317	7	6	6
842223	8	7	7
691141	6	6	6
1099656	7	6	6
1025348	6	8	6
57614	11	9	9
927196	12	10	10
1038161	10	10	10
1056303	7	9	7
324159	12	8	8
1041924	8	7	7
1011018	11	13	11
428847	13	9	9
572286	12	11	11
771239	13	16	13
413905	9	8	8
1096887	8	9	8
1036784	7	6	6
1086708	10	9	9
667136	7	6	6
683193	9	10	9
1098608	7	7	7
79763	7	7	7
1037250	6	6	6
1062457	16	19	16
1077356	6	8	6
160808	8	6	6
924047	9	8	8
1017830	9	8	8
403954	6	6	6
1096431	8	6	6
276329	7	6	6
40337	9	9	9
609628	7	8	7
1016676	9	10	9
404051	6	7	6
769630	10	8	8
315131	9	7	7
1101531	8	7	7
1095988	8	6	6
285158	9	6	6
1098322	10	6	6
1086271	6	7	6
698445	6	6	6
993178	16	17	16
926019	9	10	9
1092029	6	6	6
586740	6	7	6
1000004	6	8	6
160255	8	8	8
333434	11	6	6
1046161	6	7	6
696404	10	7	7
115833	6	6	6
606117	6	8	6
178325	7	6	6
1003482	9	7	7
909176	7	7	7
1085613	8	6	6
859870	7	8	7
685177	6	6	6
1098284	11	7	7
1021327	6	7	6
663006	7	9	7
613214	6	7	6
835478	11	6	6
992407	7	6	6
1075591	7	7	7
955911	7	8	7
323154	9	8	8
1082653	7	6	6
766808	9	8	8
656602	12	10	10
142382	7	7	7
877845	8	8	8
1057015	7	8	7
617246	10	9	9
62136	7	7	7
677212	7	6	6
1086305	7	6	6
1010527	12	14	12
935364	8	12	8
831784	15	12	12
879155	6	6	6
607292	6	7	6
1062233	6	6	6
867490	7	8	7
632825	8	9	8
194750	7	7	7
1035805	8	7	7
1031456	8	7	7
1066716	7	7	7
1089727	9	7	7
594295	6	6	6
1008947	10	8	8
176015	8	9	8
937947	9	11	9
948452	8	7	7
761096	10	6	6
920885	10	9	9
144254	10	10	10
234998	7	6	6
595236	9	6	6
450921	6	7	6
1002585	6	9	6
1098809	6	6	6
1095357	8	6	6
1098071	9	6	6
242061	9	11	9
681944	6	6	6
862448	7	8	7
900696	9	10	9
898631	9	8	8
1086886	9	10	9
1011248	8	6	6
80876	7	8	7
160735	9	8	8
1082341	6	8	6
556976	13	11	11
25344	6	8	6
310853	7	6	6
786937	7	7	7
1091765	8	8	8
568841	8	6	6
773924	7	7	7
20356	7	7	7
320051	9	7	7
812387	8	7	7
1001108	11	9	9
207251	6	7	6
658498	6	8	6
1082701	6	7	6
1005949	7	6	6
1099105	8	9	8
230082	8	10	8
670600	9	10	9
901355	6	6	6
987791	8	11	8
830531	7	6	6
913509	8	10	8
1098600	10	12	10
441409	6	7	6
220495	9	7	7
1043587	6	7	6
1085319	7	8	7
897476	7	8	7
66908	7	6	6
1098057	7	10	7
570979	9	7	7
848432	8	7	7
405330	7	11	7
993153	9	8	8
903235	9	9	9
1100357	6	8	6
1022577	13	9	9
739599	8	7	7
1009023	10	8	8
597395	6	7	6
900076	7	8	7
231717	7	6	6
249866	8	8	8
1092522	6	7	6
1059820	8	7	7
399414	7	7	7
1098111	11	13	11
1086701	12	12	12
824938	8	8	8
920458	7	6	6
1020244	7	9	7
1097304	6	6	6
998646	7	8	7
1017966	6	6	6
1096493	8	8	8
1099077	8	6	6
974201	8	6	6
1030230	9	6	6
1042364	11	11	11
1098354	8	6	6
456734	6	6	6
1087361	9	11	9
879747	6	7	6
1093881	9	8	8
908237	9	7	7
65584	6	7	6
997227	8	9	8
425688	7	9	7
1096227	8	9	8
1097259	7	8	7
1078222	7	7	7
576822	6	7	6
761388	9	7	7
1085674	6	7	6
12741	12	11	11
953445	8	7	7
7968	11	9	9
995526	7	6	6
1096311	10	9	9
578735	16	13	13
1095845	9	7	7
853699	7	6	6
1029058	9	7	7
988742	6	6	6
280927	12	11	11
499068	6	8	6
989573	6	7	6
337190	6	7	6
242107	10	14	10
641618	8	10	8
989213	6	6	6
578100	6	7	6
209651	7	7	7
47513	7	7	7
1014132	8	7	7
1096787	13	15	13
829425	7	7	7
885505	6	6	6
632394	7	7	7
1062190	7	6	6
1094509	14	10	10
319652	13	11	11
1098169	10	8	8
690010	6	6	6
70504	9	9	9
1095308	9	7	7
660957	8	9	8
1063709	11	9	9
1093682	6	8	6
1046969	8	7	7
604673	6	7	6
1102330	7	8	7
643359	8	8	8
333700	11	7	7
155056	6	7	6
646354	6	7	6
914637	15	14	14
1085936	6	8	6
837181	8	7	7
853882	9	6	6
999836	9	8	8
841165	12	11	11
1084354	8	7	7
1012329	10	8	8
788484	6	6	6
205809	8	9	8
353623	9	12	9
821068	9	7	7
998802	8	6	6
1099284	6	6	6
251445	7	8	7
576452	8	9	8
1005163	9	11	9
1080229	6	8	6
1009668	6	7	6
1020999	8	9	8
54235	6	7	6
783781	6	6	6
1046952	6	6	6
330419	8	8	8
645472	8	6	6
1018918	10	10	10
1019724	8	7	7
804523	8	7	7
959854	7	7	7
869035	8	8	8
1096944	7	7	7
1102088	7	9	7
1089498	10	8	8
854862	8	7	7
362016	10	12	10
292094	9	8	8
327640	10	13	10
1087105	11	7	7
428773	7	10	7
1022911	8	7	7
842272	8	9	8
961921	7	8	7
569473	7	6	6
1085845	6	7	6
442673	6	7	6
1101961	9	9	9
829025	10	8	8
1014884	9	8	8
215603	6	6	6
277632	8	8	8
854785	9	10	9
1016703	19	19	19
844658	9	8	8
1089521	7	10	7
339501	9	7	7
652961	7	7	7
948653	7	8	7
1042426	8	8	8
311540	7	7	7
1082336	6	7	6
1024893	7	6	6
1086424	8	10	8
833268	7	7	7
994830	8	11	8
888100	6	6	6
428819	9	6	6
322211	11	8	8
1099981	7	7	7
913098	9	10	9
925571	12	16	12
933236	9	8	8
1100224	7	8	7
557157	8	8	8
641284	9	6	6
183046	6	6	6
653041	6	8	6
917015	9	8	8
786477	7	8	7
870544	10	9	9
1034666	8	6	6
999028	6	7	6
1086248	8	7	7
1097885	7	10	7
456443	6	6	6
1057270	6	6	6
694560	7	6	6
1021554	11	10	10
837372	9	8	8
1082893	8	7	7
892224	9	9	9
359499	10	10	10
393954	7	7	7
610190	7	8	7
992660	9	11	9
8854	15	13	13
128200	10	10	10
570068	9	8	8
1098226	9	6	6
86701	7	8	7
782549	6	7	6
840532	20	16	16
488021	6	6	6
230891	7	7	7
473492	9	7	7
749399	7	7	7
932495	13	12	12
1071270	10	11	10
626318	9	7	7
114573	6	6	6
1050923	7	7	7
992383	6	6	6
161418	9	10	9
866101	7	9	7
1087680	6	10	6
1086430	12	11	11
889046	6	7	6
917825	7	7	7
1004199	7	7	7
962443	9	10	9
240504	7	6	6
983499	7	7	7
985433	10	9	9
407102	6	7	6
1002737	7	7	7
920753	10	9	9
241405	10	7	7
537301	6	7	6
497132	10	13	10
934134	7	6	6
1095955	8	10	8
257772	9	9	9
995221	7	9	7
1096532	10	6	6
567159	10	11	10
1048359	7	8	7
568895	7	7	7
1092203	7	8	7
607855	7	7	7
851813	8	6	6
557417	7	7	7
806688	10	8	8
1022410	7	6	6
77878	9	9	9
711803	6	6	6
808019	7	7	7
986316	7	9	7
1084276	7	7	7
162662	7	11	7
1006791	6	7	6
1047556	6	7	6
160885	6	7	6
1017692	8	7	7
851490	8	8	8
659182	7	10	7
1024669	8	9	8
1087171	9	10	9
266920	7	6	6
985461	6	7	6
518675	9	9	9
1013965	6	7	6
1082265	8	6	6
610128	6	6	6
278074	9	6	6
1038685	6	7	6
700641	7	7	7
1010607	14	11	11
1034761	14	9	9
728836	6	9	6
286160	9	7	7
1099340	10	7	7
816289	12	8	8
815243	7	7	7
943190	8	8	8
273522	10	6	6
912899	7	7	7
345350	9	9	9
1081595	10	10	10
299939	9	8	8
1031976	8	6	6
1035931	9	9	9
574730	10	10	10
968206	6	7	6
670476	11	7	7
570023	9	10	9
833579	12	8	8
604113	7	7	7
689851	9	7	7
1096425	8	7	7
1096850	7	6	6
902855	7	6	6
1079231	8	8	8
293421	9	8	8
1082531	6	7	6
1052427	6	6	6
1003997	6	7	6
1004233	6	7	6
1087173	10	10	10
1095066	8	7	7
181144	6	7	6
1095876	6	6	6
920717	9	8	8
970824	7	8	7
435794	7	7	7
1012026	11	9	9
1047833	6	8	6
299094	6	6	6
1018807	12	11	11
745746	7	8	7
939866	8	10	8
1096401	10	8	8
1034587	8	7	7
869348	10	9	9
862742	6	8	6
249821	9	7	7
589777	6	6	6
334867	6	7	6
1086594	9	9	9
1096658	10	8	8
1101278	8	8	8
932223	8	7	7
128113	6	6	6
1062928	6	6	6
1086976	11	9	9
845529	8	6	6
832188	8	6	6
249802	7	6	6
62439	10	10	10
1089763	6	7	6
635125	8	8	8
428941	9	9	9
1097723	7	7	7
308032	10	9	9
839128	7	6	6
1022769	10	11	10
281002	14	9	9
190307	6	8	6
259885	11	9	9
818798	11	8	8
899423	10	11	10
1097195	9	8	8
1098102	9	7	7
482808	7	7	7
221664	6	6	6
1097523	8	6	6
160312	14	10	10
323798	9	8	8
1067640	7	8	7
577167	9	7	7
88284	7	6	6
78730	7	8	7
348594	9	9	9
1030271	8	7	7
234644	10	11	10
153037	9	13	9
253965	9	6	6
1024166	6	6	6
1084906	10	8	8
1012328	6	6	6
610940	7	9	7
1092007	9	6	6
1065712	6	6	6
1027209	9	9	9
1098180	10	9	9
1082877	6	8	6
1007972	11	10	10
58571	6	8	6
907334	9	6	6
1063177	8	10	8
1028711	7	7	7
1014131	8	6	6
1083267	8	9	8
927989	8	11	8
1096945	7	6	6
392195	8	9	8
1047088	8	10	8
496244	10	8	8
359040	6	7	6
499818	7	7	7
42555	8	8	8
958993	7	10	7
253678	12	10	10
762652	6	6	6
674595	6	6	6
1001999	7	7	7
1034050	10	9	9
1094536	9	9	9
1015347	11	9	9
39908	6	7	6
283141	8	9	8
1023111	9	10	9
1087858	6	6	6
918324	13	16	13
261521	12	11	11
1087728	7	9	7
1098846	6	6	6
1094141	7	6	6
164946	6	7	6
1017892	17	13	13
1007382	12	12	12
145821	9	10	9
567443	9	7	7
1006751	7	6	6
588829	6	6	6
846438	13	6	6
872081	9	8	8
705279	7	9	7
910777	6	6	6
514767	7	7	7
562827	7	7	7
1062511	9	10	9
1094943	7	6	6
1058036	6	9	6
587853	7	6	6
1021639	9	9	9
821372	8	6	6
393420	8	6	6
333486	13	9	9
1000681	7	7	7
906692	8	8	8
808200	8	6	6
281702	7	6	6
649640	8	6	6
1095571	8	8	8
1016254	9	9	9
302435	7	6	6
156688	6	7	6
259239	7	6	6
1040848	14	10	10
1027817	7	8	7
260853	7	7	7
817309	8	7	7
1044249	9	7	7
813193	7	6	6
992950	8	8	8
50498	6	6	6
1051352	7	8	7
985173	6	6	6
984075	7	7	7
368229	7	6	6
1089983	7	8	7
402417	6	6	6
1019356	7	8	7
220087	6	7	6
1055197	7	7	7
897953	6	6	6
1085967	8	10	8
1094271	13	11	11
330560	10	9	9
149670	7	9	7
954455	10	10	10
987644	10	7	7
935973	8	8	8
1055717	6	9	6
454872	7	7	7
651187	7	7	7
455853	6	6	6
1038724	8	7	7
998834	6	7	6
542431	7	8	7
933946	9	7	7
9083	7	7	7
608197	6	6	6
1050857	7	6	6
1085764	22	24	22
909048	7	6	6
1040532	10	9	9
571696	7	6	6
1027812	7	6	6
1095650	6	6	6
1064155	7	10	7
740263	7	7	7
1042158	8	9	8
583916	7	7	7
326637	6	6	6
818421	7	6	6
1095121	10	10	10
1091665	9	6	6
1095687	10	6	6
242019	6	6	6
560245	8	8	8
409071	7	7	7
1094469	6	6	6
253966	11	7	7
24807	11	11	11
277623	7	8	7
430985	7	10	7
986162	8	6	6
239511	9	6	6
911056	8	7	7
1011721	14	10	10
849561	6	6	6
1073801	8	8	8
1031502	7	6	6
1024221	6	6	6
335711	10	7	7
291396	6	6	6
168175	8	7	7
992193	16	14	14
1099530	7	10	7
1084475	9	8	8
386653	6	6	6
1089164	6	7	6
1033927	12	9	9
298113	8	6	6
926064	10	11	10
698719	7	7	7
1099706	7	8	7
930293	6	6	6
1033296	9	7	7
813953	8	8	8
922335	8	6	6
846806	16	14	14
614069	6	6	6
786157	8	6	6
1083341	6	7	6
1016565	8	7	7
71238	7	9	7
273449	7	6	6
667932	7	8	7
422600	7	7	7
1063478	6	7	6
1017476	11	11	11
670142	6	9	6
646071	7	6	6
1073358	9	8	8
1101721	9	8	8
894161	9	9	9
243416	8	7	7
1086174	8	7	7
1033092	7	6	6
1000519	7	7	7
1026098	6	7	6
617795	9	11	9
29089	7	7	7
1043064	8	8	8
1102351	15	15	15
1010151	7	7	7
874691	9	11	9
921173	7	6	6
946825	6	6	6
917334	6	9	6
1095523	9	6	6
249176	8	8	8
1087238	8	7	7
930326	6	7	6
279987	6	7	6
1046569	6	7	6
995280	10	14	10
1091654	6	7	6
818819	8	7	7
1007550	12	9	9
760908	7	7	7
1060616	7	6	6
1089696	9	9	9
955093	6	8	6
1034679	7	6	6
337209	9	6	6
21603	7	6	6
850820	6	6	6
984770	8	6	6
400803	9	9	9
1097373	11	13	11
243244	10	9	9
820973	6	6	6
925951	9	9	9
1085303	7	7	7
656345	7	7	7
1083021	8	7	7
635647	8	10	8
835206	13	8	8
942221	7	8	7
77391	11	10	10
1096256	8	9	8
853646	8	6	6
605648	6	6	6
1102028	7	8	7
682910	11	9	9
1098090	8	10	8
262280	7	8	7
605467	6	6	6
1085780	6	6	6
1101603	8	6	6
1014210	10	9	9
1098719	9	6	6
1050253	11	13	11
1035535	9	8	8
1029908	7	7	7
994478	11	12	11
837681	6	6	6
886332	7	8	7
709560	7	8	7
24441	6	8	6
1095705	9	7	7
214040	6	6	6
276979	9	7	7
880766	6	6	6
1087114	7	7	7
910375	11	9	9
956403	10	13	10
941219	8	7	7
1095899	11	8	8
473394	7	6	6
300312	7	7	7
418552	10	10	10
830040	11	7	7
964054	8	7	7
1075156	8	10	8
328704	9	7	7
462301	10	9	9
1083663	11	10	10
998493	6	6	6
1099072	7	8	7
1020500	7	8	7
948351	9	7	7
985431	8	8	8
607374	7	6	6
1069405	6	7	6
166111	7	9	7
422152	8	7	7
1022907	9	8	8
1086915	9	13	9
1016013	12	14	12
866139	6	6	6
1097359	11	12	11
1046567	6	6	6
232703	8	7	7
922593	8	6	6
704236	8	7	7
1101271	6	6	6
996272	7	8	7
949686	6	8	6
586785	6	7	6
537761	6	7	6
1099219	7	6	6
851425	8	7	7
920218	11	10	10
144857	6	6	6
436249	7	7	7
326417	7	6	6
926700	6	9	6
1065985	7	7	7
711682	8	10	8
380755	10	7	7
998093	7	6	6
980811	7	7	7
1008830	9	6	6
1079815	9	9	9
1095354	9	10	9
1092161	7	9	7
290488	7	6	6
670022	9	7	7
1006459	6	6	6
1040507	11	9	9
928567	7	9	7
665009	19	9	9
1059045	6	7	6
11006	7	9	7
697780	7	7	7
1011925	6	6	6
212796	7	9	7
1098725	7	6	6
1087061	8	7	7
210442	8	6	6
1100229	7	9	7
1101977	9	7	7
649763	6	6	6
1010173	11	11	11
288702	8	9	8
992946	9	10	9
2962	12	8	8
577813	6	6	6
1009961	8	7	7
1012431	10	7	7
938140	8	7	7
1085779	6	7	6
918800	7	6	6
156566	8	6	6
1011044	6	7	6
1035278	6	6	6
614047	7	6	6
1095952	7	7	7
615219	9	9	9
1087375	6	6	6
823421	7	6	6
1086477	7	6	6
1045855	8	7	7
1014911	17	13	13
1096557	8	7	7
602352	7	6	6
1094175	6	9	6
755040	6	6	6
1097461	8	8	8
868410	9	9	9
1059801	6	6	6
328629	13	11	11
1046648	6	8	6
1093540	7	6	6
1004940	7	10	7
765583	6	6	6
1096087	11	9	9
1000574	9	12	9
841665	7	6	6
849596	6	6	6
320025	8	8	8
147337	7	11	7
1088816	14	14	14
1090624	8	6	6
1091633	6	6	6
1024069	7	6	6
1019262	6	7	6
995825	9	6	6
992605	9	11	9
1065227	7	9	7
1024667	8	8	8
633617	7	6	6
1002426	7	6	6
1083000	7	9	7
224314	9	7	7
1084971	7	6	6
218000	7	7	7
75717	6	6	6
761032	8	9	8
985165	16	17	16
1062961	7	7	7
417362	7	7	7
197945	10	8	8
172062	11	14	11
258485	10	6	6
814964	7	6	6
1043995	8	8	8
570070	9	8	8
403095	9	12	9
997542	9	9	9
942651	9	10	9
456305	6	6	6
831871	8	7	7
1060305	8	6	6
916901	6	8	6
274981	6	6	6
1095716	8	6	6
847726	9	8	8
64960	6	6	6
569689	7	6	6
401287	7	10	7
301061	11	9	9
1097386	9	7	7
1035874	10	11	10
1085245	8	9	8
77034	7	8	7
1087729	8	8	8
565696	7	7	7
906901	12	13	12
849142	7	6	6
989870	6	6	6
1032019	9	7	7
611747	6	7	6
264827	9	10	9
897401	7	10	7
584727	8	7	7
1096479	10	10	10
635497	9	11	9
568526	7	6	6
853344	13	12	12
994012	7	9	7
414276	7	7	7
1084441	6	6	6
442525	8	6	6
1097746	7	9	7
1058853	6	7	6
1096827	13	9	9
863387	10	8	8
961255	8	10	8
891565	8	8	8
583325	7	6	6
1017348	12	11	11
1027650	7	6	6
403361	7	7	7
1043815	7	7	7
881582	8	8	8
569939	9	9	9
1088254	6	6	6
70340	11	9	9
279229	12	12	12
1044244	7	6	6
143424	6	6	6
984992	6	9	6
426347	7	6	6
302337	8	8	8
333579	12	9	9
700224	9	7	7
1003481	6	7	6
917536	6	6	6
660999	7	8	7
624143	8	8	8
852179	9	9	9
838116	8	8	8
206549	8	6	6
1087327	9	8	8
1030722	16	14	14
1039495	6	6	6
507086	6	6	6
167204	7	7	7
1033398	8	6	6
1082872	8	8	8
62554	9	11	9
422893	6	7	6
522953	6	7	6
1060881	8	6	6
987567	10	9	9
418032	6	8	6
878367	6	12	6
227968	7	6	6
992869	14	12	12
988754	9	7	7
1092105	7	9	7
21765	6	9	6
1017498	7	10	7
808235	7	9	7
1093444	6	6	6
1039298	9	8	8
601684	6	6	6
357664	6	7	6
988294	6	7	6
1098927	8	7	7
766804	8	8	8
663388	7	10	7
1086439	6	6	6
1036800	6	6	6
815420	6	6	6
1054186	9	8	8
992132	15	17	15
242219	10	6	6
275137	7	7	7
596716	6	8	6
936182	8	7	7
1090072	8	9	8
1004322	12	10	10
1087047	7	7	7
79698	8	10	8
273014	9	8	8
256783	11	10	10
1067772	7	8	7
1096371	9	9	9
1087001	9	7	7
987845	12	11	11
409887	10	9	9
1097118	9	8	8
272815	7	6	6
1082840	8	6	6
828036	8	8	8
292676	7	8	7
1093875	8	6	6
177221	6	7	6
607599	7	7	7
836832	8	6	6
288884	12	9	9
417040	6	8	6
1048361	7	7	7
15607	11	10	10
913137	7	8	7
571237	9	6	6
239516	8	10	8
249792	9	10	9
1098276	11	9	9
859274	9	11	9
1017734	9	8	8
1096357	7	9	7
571474	7	7	7
914406	9	9	9
987100	7	7	7
515573	8	8	8
616415	6	6	6
1057251	6	6	6
993987	15	12	12
22670	7	9	7
640103	8	6	6
1037872	7	7	7
9926	8	6	6
183723	10	10	10
1084769	7	8	7
249321	9	6	6
603773	6	7	6
231877	9	9	9
236949	7	8	7
1042752	14	12	12
1101552	7	7	7
1098440	9	6	6
529918	6	6	6
621419	10	11	10
968310	10	9	9
1085348	6	7	6
100020	8	6	6
326190	9	9	9
1095055	8	7	7
297019	8	6	6
299110	8	6	6
506438	7	6	6
333327	11	9	9
1084383	14	8	8
1095711	10	7	7
1086391	11	11	11
166784	7	6	6
850450	6	6	6
1016154	9	9	9
413404	6	8	6
1005500	8	6	6
1051475	8	10	8
1065448	7	7	7
1009388	6	6	6
174249	10	12	10
256192	9	6	6
471007	6	6	6
1079086	8	8	8
1096065	10	7	7
1096694	6	6	6
1097906	11	13	11
1082377	6	6	6
267012	12	12	12
277556	6	6	6
320320	11	7	7
1005520	6	6	6
425330	6	9	6
995787	8	9	8
1099290	9	9	9
1090350	7	13	7
1083508	7	8	7
15382	6	6	6
1018525	8	6	6
838453	7	6	6
1033250	7	6	6
540109	6	6	6
697983	9	6	6
1100134	6	7	6
1086241	6	8	6
273481	10	15	10
520816	6	6	6
17110	7	8	7
1098422	8	6	6
161224	9	7	7
1023838	6	6	6
912961	7	7	7
975040	8	8	8
212435	7	6	6
439061	12	10	10
584695	9	9	9
959589	6	8	6
1093564	6	6	6
969750	7	8	7
636434	9	7	7
844128	10	8	8
65488	6	7	6
70852	7	9	7
1064852	8	7	7
1102393	7	6	6
975775	8	8	8
1028753	6	6	6
996054	10	11	10
994085	13	17	13
474659	9	10	9
1087795	7	6	6
424898	7	7	7
1019705	7	6	6
1086715	10	6	6
1098646	10	8	8
696312	6	6	6
660803	6	8	6
1083743	7	8	7
243139	9	10	9
1082501	8	9	8
924398	10	6	6
436475	6	6	6
933742	8	7	7
1004949	6	6	6
1003003	7	6	6
404202	6	7	6
148761	7	9	7
776392	6	6	6
278863	11	13	11
803599	7	7	7
971233	9	10	9
1086326	8	7	7
1087869	10	14	10
474873	6	7	6
279718	11	10	10
348869	8	8	8
387603	14	11	11
1097909	9	9	9
1003277	10	9	9
70709	8	6	6
964577	9	6	6
850236	9	7	7
1005678	9	8	8
613233	6	6	6
1040082	8	8	8
619805	7	9	7
1080406	12	12	12
1094962	9	7	7
1097449	6	6	6
885184	9	7	7
1022621	9	7	7
133037	7	8	7
1084603	7	6	6
685591	6	6	6
614598	6	6	6
399617	10	10	10
603050	6	6	6
826518	8	7	7
1098561	8	7	7
985360	6	10	6
952388	9	7	7
885308	8	8	8
16559	6	8	6
569555	7	6	6
1049926	8	11	8
593541	6	7	6
183988	10	8	8
1066043	6	7	6
1030623	10	9	9
1045527	8	7	7
1057996	6	6	6
866428	8	8	8
371420	6	9	6
690801	6	6	6
903097	17	15	15
998174	6	6	6
34039	6	7	6
1087835	10	10	10
551819	10	11	10
440269	6	7	6
1049484	11	12	11
662016	11	7	7
828596	7	7	7
988653	13	9	9
1086675	9	7	7
914771	14	14	14
1054958	6	9	6
931147	8	7	7
1096776	9	10	9
841919	10	8	8
1002252	6	7	6
1084273	14	12	12
247717	9	10	9
993651	6	8	6
1085339	6	6	6
1085434	6	7	6
1003880	6	6	6
497107	10	13	10
961048	8	9	8
1036999	6	7	6
1014242	9	11	9
512807	6	7	6
514851	17	12	12
1092010	13	7	7
1096045	9	6	6
1083909	8	8	8
468762	9	9	9
264410	7	7	7
227637	6	6	6
1016611	10	9	9
1084686	6	6	6
1099670	6	6	6
138127	6	6	6
1077019	8	6	6
1087544	8	6	6
1089719	7	6	6
1025290	6	7	6
558448	6	6	6
657091	7	7	7
1084910	6	6	6
1087870	10	8	8
837375	8	6	6
1095922	6	6	6
201154	8	6	6
989042	8	10	8
881723	6	6	6
637234	8	8	8
1096823	10	10	10
1053896	7	6	6
653187	9	6	6
993041	9	10	9
156251	6	6	6
1020907	7	8	7
809933	7	7	7
838101	8	8	8
628056	8	9	8
159667	10	7	7
249118	10	11	10
185009	8	7	7
1052089	9	11	9
582641	9	10	9
900599	7	6	6
146244	8	6	6
156723	7	6	6
1031679	8	9	8
635044	6	6	6
1015307	10	8	8
592601	9	9	9
394095	8	7	7
1045203	6	7	6
865660	11	8	8
155119	6	6	6
233904	6	9	6
303777	8	8	8
1086491	7	7	7
185276	8	7	7
168069	6	6	6
580450	6	9	6
224626	6	7	6
928478	6	6	6
244808	6	8	6
611199	6	6	6
1002596	6	7	6
288139	6	6	6
470982	6	6	6
329114	7	7	7
1070728	14	12	12
264594	6	7	6
393203	6	7	6
117113	6	6	6
1006199	10	11	10
193422	6	6	6
167994	6	7	6
750946	8	7	7
1086933	7	6	6
159078	10	8	8
549135	10	8	8
