pair,doc_mix,best_endpoint_ndcg,best_mixed_ndcg,delta_ndcg,lambda_star_mid,delta_ndcg_ci90_low,delta_ndcg_ci90_high,delta_ndcg_ci95_low,delta_ndcg_ci95_high,lang_a,lang_b,script_match,family_dist,typology_dist,resource_pattern,lang2vec_knn,gram_bank,script,glot_tree,doc_type,doc_regime
AR-HI,AR + HI docs,27.1137,28.2355,1.1217999999999968,70.0,0.5565953183541662,1.7316411195375312,0.43521073013309947,1.853726643155104,ar,hi,mismatch,1,1,H-L,0.2837131823613673,0.5412294272573258,1.0,1.0,bi,L1+L2 docs
AR-HI,AR docs,24.5283,25.7429,1.2145999999999972,30.0,0.6525478282934705,1.7965527546012101,0.5469817863104087,1.9087628500399891,ar,hi,mismatch,1,1,H-L,0.2837131823613673,0.5412294272573258,1.0,1.0,mono,L1 docs
AR-HI,HI docs,26.7959,27.5493,0.7533999999999992,70.0,0.2433966363530493,1.2695086239908635,0.14651259684994372,1.3915655929419852,ar,hi,mismatch,1,1,H-L,0.2837131823613673,0.5412294272573258,1.0,1.0,mono,L2 docs
AR-ID,AR + ID docs,28.5923,29.0158,0.4234999999999971,70.0,0.11639140945458895,1.0247549294247373,0.05770557646918519,1.1387243520082486,ar,id,mismatch,1,1,H-L,0.3060717923159134,0.432283109626882,1.0,1.0,bi,L1+L2 docs
AR-ID,AR docs,24.5283,26.5718,2.043499999999998,50.0,1.1928750041989524,2.886715345969798,1.028031424016745,3.0513850864518424,ar,id,mismatch,1,1,H-L,0.3060717923159134,0.432283109626882,1.0,1.0,mono,L1 docs
AR-ID,ID docs,28.4534,28.7247,0.2713000000000001,90.0,0.046581726167788245,0.7122456073788527,-0.0054832214265473096,0.8089022184492464,ar,id,mismatch,1,1,H-L,0.3060717923159134,0.432283109626882,1.0,1.0,mono,L2 docs
AR-PT,AR + PT docs,28.5855,29.2789,0.6934000000000005,70.0,0.16493571105569654,1.3447390537163348,0.08177456897089294,1.4649885390133213,ar,pt,mismatch,1,1,H-L,0.295785995948523,0.4660168636130211,1.0,1.0,bi,L1+L2 docs
AR-PT,AR docs,24.5283,26.2575,1.7291999999999987,50.0,1.065583496033838,2.522493976141531,0.9270257672972892,2.6647235354597085,ar,pt,mismatch,1,1,H-L,0.295785995948523,0.4660168636130211,1.0,1.0,mono,L1 docs
AR-PT,PT docs,28.7125,29.0111,0.2986000000000004,70.0,-0.011634312417248945,0.8549290421407993,-0.07087022402326867,0.9651342783245109,ar,pt,mismatch,1,1,H-L,0.295785995948523,0.4660168636130211,1.0,1.0,mono,L2 docs
AR-RU,AR + RU docs,27.4368,28.295,0.8582000000000001,70.0,0.39135950736285013,1.5901592871164758,0.3147127530440715,1.7501090860975623,ar,ru,mismatch,1,1,H-L,0.2911280393189044,0.5173748811807234,1.0,1.0,bi,L1+L2 docs
AR-RU,AR docs,24.5283,25.9028,1.3744999999999976,30.0,0.8386926854761774,2.0455511304190046,0.7201392764018021,2.160090530601305,ar,ru,mismatch,1,1,H-L,0.2911280393189044,0.5173748811807234,1.0,1.0,mono,L1 docs
AR-RU,RU docs,27.1639,27.7985,0.6345999999999989,70.0,0.23044661503902192,1.1191694055496304,0.1689088474481383,1.2075367154028998,ar,ru,mismatch,1,1,H-L,0.2911280393189044,0.5173748811807234,1.0,1.0,mono,L2 docs
AR-VI,AR + VI docs,26.4111,27.2921,0.8810000000000002,70.0,0.3762350453321339,1.7823569291063692,0.26629724489805756,1.949146356583133,ar,vi,mismatch,1,1,H-L,0.4158989815194788,0.5124707431905383,1.0,1.0,bi,L1+L2 docs
AR-VI,AR docs,24.5283,25.8812,1.3528999999999982,30.0,0.8075141247520267,1.9476380536073876,0.7147541155036776,2.064232703624982,ar,vi,mismatch,1,1,H-L,0.4158989815194788,0.5124707431905383,1.0,1.0,mono,L1 docs
AR-VI,VI docs,26.1947,26.7649,0.5701999999999998,70.0,0.1972282208515354,1.0793044300303938,0.13445781217593683,1.1621979216477691,ar,vi,mismatch,1,1,H-L,0.4158989815194788,0.5124707431905383,1.0,1.0,mono,L2 docs
AR-ZH,AR + ZH docs,26.4028,26.7034,0.3005999999999993,70.0,-0.0778113873690776,1.061190200511964,-0.14712896405819745,1.2339540750138769,ar,zh,mismatch,1,1,H-H,0.4158989815194788,0.6236095644623236,1.0,1.0,bi,L1+L2 docs
AR-ZH,AR docs,24.5283,25.975,1.4466999999999999,50.0,0.8754111399389123,2.2400941678085986,0.7548693825630812,2.3937605661270176,ar,zh,mismatch,1,1,H-H,0.4158989815194788,0.6236095644623236,1.0,1.0,mono,L1 docs
AR-ZH,ZH docs,26.1669,26.4649,0.2980000000000018,70.0,-0.08084013954831111,0.7839090267259609,-0.14376799135834464,0.8809309548247567,ar,zh,mismatch,1,1,H-H,0.4158989815194788,0.6236095644623236,1.0,1.0,mono,L2 docs
DE-AR,AR docs,24.5283,26.8637,2.3354,50.0,1.4936600249559029,3.214232650564351,1.3492348614742178,3.400039537250584,de,ar,mismatch,1,1,H-H,0.3364485981308411,-1.0,1.0,1.0,mono,L2 docs
DE-AR,DE + AR docs,27.9303,28.8018,0.871500000000001,30.0,0.5098592143025158,1.6816235012031284,0.43982531362983285,1.8575081078786442,de,ar,mismatch,1,1,H-H,0.3364485981308411,-1.0,1.0,1.0,bi,L1+L2 docs
DE-AR,DE docs,27.7748,28.37,0.595200000000002,10.0,0.3624064240527904,1.0583805230674703,0.3089091131655932,1.1489423293266543,de,ar,mismatch,1,1,H-H,0.3364485981308411,-1.0,1.0,1.0,mono,L1 docs
DE-HI,DE + HI docs,27.8864,29.184,1.2976000000000028,30.0,0.7136231215924097,1.962695875785149,0.5963840227749061,2.0894819328543535,de,hi,mismatch,1,1,H-L,0.3116204609706646,-1.0,0.5,0.8333333333333334,bi,L1+L2 docs
DE-HI,DE docs,27.7748,28.5875,0.8126999999999995,30.0,0.4095670574190889,1.3034710770972462,0.35290048714012345,1.3928730304066075,de,hi,mismatch,1,1,H-L,0.3116204609706646,-1.0,0.5,0.8333333333333334,mono,L1 docs
DE-HI,HI docs,26.7959,27.7934,0.9974999999999987,70.0,0.4970028501309752,1.5267108443641093,0.3971010205423956,1.6172777719828633,de,hi,mismatch,1,1,H-L,0.3116204609706646,-1.0,0.5,0.8333333333333334,mono,L2 docs
DE-ID,DE + ID docs,28.6271,29.8295,1.2024000000000008,50.0,0.5225397976399346,1.792587476572261,0.40828163478970997,1.9155299709945914,de,id,match,1,1,H-L,0.3060717923159134,-1.0,0.0,1.0,bi,L1+L2 docs
DE-ID,DE docs,27.7748,28.3245,0.5497000000000014,30.0,0.28745066072548175,1.1027187180114055,0.2241690924815324,1.2092037799899886,de,id,match,1,1,H-L,0.3060717923159134,-1.0,0.0,1.0,mono,L1 docs
DE-ID,ID docs,28.4534,29.1843,0.7309000000000019,70.0,0.28032011509085225,1.2088506480857242,0.20557890096557083,1.3058506375499392,de,id,match,1,1,H-L,0.3060717923159134,-1.0,0.0,1.0,mono,L2 docs
DE-JA,DE + JA docs,27.95,28.7663,0.8163000000000018,30.0,0.3801667657910455,1.427750855404704,0.303682730608441,1.5461278280933255,de,ja,mismatch,1,1,H-H,0.3679140008824957,-1.0,0.5,1.0,bi,L1+L2 docs
DE-JA,DE docs,27.7748,28.4141,0.6393000000000022,30.0,0.31954967650786353,1.1609818936173226,0.26114548112444286,1.2605724887019392,de,ja,mismatch,1,1,H-H,0.3679140008824957,-1.0,0.5,1.0,mono,L1 docs
DE-JA,JA docs,27.2089,27.7454,0.5365000000000002,70.0,0.2446851142648617,1.0647373308231132,0.19041595974118053,1.1636087215563196,de,ja,mismatch,1,1,H-H,0.3679140008824957,-1.0,0.5,1.0,mono,L2 docs
DE-NL,DE + NL docs,28.6329,29.8445,1.2116000000000007,50.0,0.7575174072767595,1.7610173690980007,0.6719181402101729,1.8732535028367947,de,nl,match,0,0,H-L,0.0848649361237782,-1.0,0.0,0.5416666666666666,bi,L1+L2 docs
DE-NL,DE docs,27.7748,28.6375,0.8627000000000002,30.0,0.4298161881048909,1.4366703970462031,0.3514312900039312,1.5363671838116486,de,nl,match,0,0,H-L,0.0848649361237782,-1.0,0.0,0.5416666666666666,mono,L1 docs
DE-NL,NL docs,28.7171,29.8636,1.1465000000000032,70.0,0.7445686442909334,1.6656487791194312,0.6702284811766337,1.7537160159352867,de,nl,match,0,0,H-L,0.0848649361237782,-1.0,0.0,0.5416666666666666,mono,L2 docs
DE-PT,DE + PT docs,28.702,30.2119,1.5098999999999982,50.0,0.6862137017541583,2.0057743804979813,0.5682549264169791,2.1412720570789565,de,pt,match,1,1,H-L,0.2065194320546739,-1.0,0.0,0.8541666666666667,bi,L1+L2 docs
DE-PT,DE docs,27.7748,28.556,0.7812000000000019,30.0,0.3694959262874562,1.26436983808703,0.3053356094748255,1.3577908357860506,de,pt,match,1,1,H-L,0.2065194320546739,-1.0,0.0,0.8541666666666667,mono,L1 docs
DE-PT,PT docs,28.7125,29.449,0.736500000000003,70.0,0.2656253601479122,1.459562879846836,0.19243381931031217,1.594904123668548,de,pt,match,1,1,H-L,0.2065194320546739,-1.0,0.0,0.8541666666666667,mono,L2 docs
DE-RU,DE + RU docs,28.0336,29.755,1.7213999999999992,50.0,0.9020573887947968,2.411566905669933,0.7441436864598591,2.5519627587691587,de,ru,mismatch,1,1,H-L,0.2285805133764548,-1.0,1.0,0.75,bi,L1+L2 docs
DE-RU,DE docs,27.7748,28.9865,1.2117000000000004,30.0,0.7426231356485792,1.7277728023591197,0.6419542960471228,1.8305368412676324,de,ru,mismatch,1,1,H-L,0.2285805133764548,-1.0,1.0,0.75,mono,L1 docs
DE-RU,RU docs,27.1639,28.4174,1.253499999999999,70.0,0.7941918577533056,1.8135113071495286,0.7006656789625294,1.9357576441534585,de,ru,mismatch,1,1,H-L,0.2285805133764548,-1.0,1.0,0.75,mono,L2 docs
DE-VI,DE + VI docs,28.2595,28.8818,0.6222999999999992,30.0,0.21738252000502778,1.4158716062687464,0.14856916186733837,1.5748288067035334,de,vi,match,1,1,H-L,0.3339198912064232,-1.0,0.0,1.0,bi,L1+L2 docs
DE-VI,DE docs,27.7748,28.2162,0.44140000000000157,10.0,0.18340098853507883,0.7247060125666734,0.13049665102282618,0.7818543224497254,de,vi,match,1,1,H-L,0.3339198912064232,-1.0,0.0,1.0,mono,L1 docs
DE-VI,VI docs,26.1947,27.6334,1.4387000000000008,70.0,0.9217902451096915,2.1554742297339025,0.8091978728638887,2.2950067190324073,de,vi,match,1,1,H-L,0.3339198912064232,-1.0,0.0,1.0,mono,L2 docs
DE-ZH,DE + ZH docs,28.3262,28.759,0.4328000000000003,10.0,0.11186531800322133,1.0046594137561466,0.05011379906709462,1.1205937965122428,de,zh,mismatch,1,1,H-H,0.3441672774955552,-1.0,0.6666666666666667,1.0,bi,L1+L2 docs
DE-ZH,DE docs,27.7748,28.3374,0.5625999999999998,30.0,0.31013797209551747,1.0815490760930822,0.25641490858366633,1.1846066331538836,de,zh,mismatch,1,1,H-H,0.3441672774955552,-1.0,0.6666666666666667,1.0,mono,L1 docs
DE-ZH,ZH docs,26.1669,26.9132,0.7463000000000015,70.0,0.3190546027443327,1.2966439127264393,0.25874572276427826,1.4194915020679169,de,zh,mismatch,1,1,H-H,0.3441672774955552,-1.0,0.6666666666666667,1.0,mono,L2 docs
EN-AR,AR docs,24.5283,27.4191,2.8907999999999987,50.0,2.021860027823769,3.760631595961713,1.8360251975537387,3.939230612497698,en,ar,mismatch,1,1,H-H,0.3046357501436939,0.5075192189225524,1.0,1.0,mono,L2 docs
EN-AR,EN + AR docs,33.6746,33.6432,-0.031399999999997874,10.0,-0.2731971893374897,0.21207772524832394,-0.32398025424400084,0.2648409701158363,en,ar,mismatch,1,1,H-H,0.3046357501436939,0.5075192189225524,1.0,1.0,bi,L1+L2 docs
EN-AR,EN docs,33.6319,33.6469,0.015000000000000568,10.0,-0.1998770834130788,0.2556299658354472,-0.2418117274687397,0.300297095805944,en,ar,mismatch,1,1,H-H,0.3046357501436939,0.5075192189225524,1.0,1.0,mono,L1 docs
EN-DE,DE docs,27.7748,29.678,1.9032000000000018,50.0,1.3700885929956086,2.5904346085976,1.2570574237929668,2.7238196673123705,en,de,match,0,1,H-H,0.1808037604432558,-1.0,0.6666666666666667,0.5833333333333333,mono,L2 docs
EN-DE,EN + DE docs,33.8102,33.8424,0.03219999999999601,30.0,-0.20462573052681668,0.44160367274207507,-0.2537545324213021,0.519647346391269,en,de,match,0,1,H-H,0.1808037604432558,-1.0,0.6666666666666667,0.5833333333333333,bi,L1+L2 docs
EN-DE,EN docs,33.6319,33.5591,-0.07280000000000086,30.0,-0.2766286103130053,0.302116117021961,-0.32680330755807174,0.37883798295667853,en,de,match,0,1,H-H,0.1808037604432558,-1.0,0.6666666666666667,0.5833333333333333,mono,L1 docs
EN-ES,EN + ES docs,33.7621,33.7402,-0.021899999999995146,10.0,-0.24015182927997802,0.21113763073634323,-0.2830477392560722,0.2539885626554948,en,es,match,1,1,H-H,0.2668695587773144,-1.0,0.6666666666666667,0.8452380952380953,bi,L1+L2 docs
EN-ES,EN docs,33.6319,33.5752,-0.056699999999999307,10.0,-0.23532301025503663,0.1265262072379723,-0.27236702166480137,0.16368854541392605,en,es,match,1,1,H-H,0.2668695587773144,-1.0,0.6666666666666667,0.8452380952380953,mono,L1 docs
EN-ES,ES docs,30.0722,31.7108,1.6386000000000003,50.0,0.9975440856304678,2.300445275657273,0.8858732441868388,2.4060001940947773,en,es,match,1,1,H-H,0.2668695587773144,-1.0,0.6666666666666667,0.8452380952380953,mono,L2 docs
EN-FR,EN + FR docs,33.7236,33.5904,-0.1331999999999951,30.0,-0.32304693026081316,0.29980072978645383,-0.3715060669624183,0.379220501983246,en,fr,match,1,1,H-H,0.2320118326154246,0.4660168636130211,0.6666666666666667,0.857843137254902,bi,L1+L2 docs
EN-FR,EN docs,33.6319,33.587,-0.044899999999998386,30.0,-0.2659836375742959,0.35086393847888564,-0.3119973766928442,0.4208012347299264,en,fr,match,1,1,H-H,0.2320118326154246,0.4660168636130211,0.6666666666666667,0.857843137254902,mono,L1 docs
EN-FR,FR docs,30.0767,31.6402,1.5635000000000012,70.0,1.0618863595489458,2.162211095369989,0.9583114452502143,2.2812703186793266,en,fr,match,1,1,H-H,0.2320118326154246,0.4660168636130211,0.6666666666666667,0.857843137254902,mono,L2 docs
EN-HI,EN + HI docs,33.5702,33.6498,0.07959999999999923,10.0,-0.13576004520832113,0.3210727301213722,-0.1780116364259122,0.3699007715991463,en,hi,mismatch,1,1,H-L,0.3173438512137109,0.5640760748177662,0.75,0.8333333333333334,bi,L1+L2 docs
EN-HI,EN docs,33.6319,33.6901,0.05819999999999936,10.0,-0.15981611818189947,0.2995003623805507,-0.20065201472656272,0.3454981376583963,en,hi,mismatch,1,1,H-L,0.3173438512137109,0.5640760748177662,0.75,0.8333333333333334,mono,L1 docs
EN-HI,HI docs,26.7959,28.7728,1.9769000000000005,50.0,1.3855105748219554,2.733582816188998,1.2702496044513552,2.8742247662025955,en,hi,mismatch,1,1,H-L,0.3173438512137109,0.5640760748177662,0.75,0.8333333333333334,mono,L2 docs
EN-ID,EN + ID docs,33.6368,33.5985,-0.03829999999999956,10.0,-0.2409889726084664,0.17425996530861615,-0.27986119713374025,0.21541234771607626,en,id,match,1,0,H-L,0.2383200888826309,0.3692744729379982,0.6666666666666667,1.0,bi,L1+L2 docs
EN-ID,EN docs,33.6319,33.6065,-0.025400000000004752,10.0,-0.20903308728553363,0.17146529965364246,-0.24877831430714403,0.20960531208469993,en,id,match,1,0,H-L,0.2383200888826309,0.3692744729379982,0.6666666666666667,1.0,mono,L1 docs
EN-ID,ID docs,28.4534,29.714,1.2606000000000002,50.0,0.7135315750305591,1.9041147163550285,0.6167279125808628,2.0385959711923562,en,id,match,1,0,H-L,0.2383200888826309,0.3692744729379982,0.6666666666666667,1.0,mono,L2 docs
EN-IT,EN + IT docs,33.8783,33.7031,-0.1752000000000038,10.0,-0.40852102625718273,0.06639123819490497,-0.45482633165623465,0.11246528680192494,en,it,match,1,1,H-L,0.2227302405820997,0.4660168636130211,0.6666666666666667,0.8257575757575757,bi,L1+L2 docs
EN-IT,EN docs,33.6319,33.6956,0.0636999999999972,10.0,-0.12839683243038102,0.281873001543797,-0.16607339294424453,0.33261181250735145,en,it,match,1,1,H-L,0.2227302405820997,0.4660168636130211,0.6666666666666667,0.8257575757575757,mono,L1 docs
EN-IT,IT docs,28.9647,30.7914,1.8266999999999989,50.0,1.2088600808371994,2.5057440584026764,1.1041382970028413,2.6396245255283795,en,it,match,1,1,H-L,0.2227302405820997,0.4660168636130211,0.6666666666666667,0.8257575757575757,mono,L2 docs
EN-JA,EN + JA docs,33.4678,33.4436,-0.024199999999993338,10.0,-0.25441555256024523,0.20896419155561785,-0.30186207358441813,0.2519002243267848,en,ja,mismatch,1,1,H-H,0.4122698974190483,0.5729597091269405,0.75,1.0,bi,L1+L2 docs
EN-JA,EN docs,33.6319,33.6617,0.029800000000001603,10.0,-0.18127374009192038,0.24965320864548166,-0.22337347953981207,0.29519876469666817,en,ja,mismatch,1,1,H-H,0.4122698974190483,0.5729597091269405,0.75,1.0,mono,L1 docs
EN-JA,JA docs,27.2089,28.4353,1.2264000000000017,70.0,0.6985302224880977,1.7978128315705568,0.597088559545756,1.921387460812773,en,ja,mismatch,1,1,H-H,0.4122698974190483,0.5729597091269405,0.75,1.0,mono,L2 docs
EN-NL,EN + NL docs,33.6298,33.7136,0.08379999999999654,10.0,-0.11195856978310914,0.2943183648917266,-0.15266184904508542,0.3395958582747632,en,nl,match,0,1,H-L,0.1922703518713581,0.4020151261036849,0.6666666666666667,0.5416666666666666,bi,L1+L2 docs
EN-NL,EN docs,33.6319,33.6431,0.011199999999995214,10.0,-0.17166217581901896,0.23662505793015381,-0.212194499138265,0.2892836284855898,en,nl,match,0,1,H-L,0.1922703518713581,0.4020151261036849,0.6666666666666667,0.5416666666666666,mono,L1 docs
EN-NL,NL docs,28.7171,30.6522,1.935100000000002,50.0,1.3841109767463782,2.5476485913983478,1.2735285275082644,2.6761129304804987,en,nl,match,0,1,H-L,0.1922703518713581,0.4020151261036849,0.6666666666666667,0.5416666666666666,mono,L2 docs
EN-PT,EN + PT docs,33.6747,33.7375,0.06279999999999575,10.0,-0.1428434582965931,0.2862223423913537,-0.18667568066911217,0.32992353733770313,en,pt,match,1,1,H-L,0.1811495276514726,0.4714045207910317,0.6666666666666667,0.8541666666666667,bi,L1+L2 docs
EN-PT,EN docs,33.6319,33.6492,0.01729999999999876,10.0,-0.16897663533883822,0.24747321115656856,-0.2064495250754895,0.30286163858668047,en,pt,match,1,1,H-L,0.1811495276514726,0.4714045207910317,0.6666666666666667,0.8541666666666667,mono,L1 docs
EN-PT,PT docs,28.7125,30.356,1.643500000000003,50.0,0.9851440045652577,2.3186833241248754,0.8653294988669362,2.448848145915444,en,pt,match,1,1,H-L,0.1811495276514726,0.4714045207910317,0.6666666666666667,0.8541666666666667,mono,L2 docs
EN-RU,EN + RU docs,33.5322,33.6472,0.11499999999999488,10.0,-0.12204818962836264,0.3626973672952037,-0.1668353267585626,0.4080067058780934,en,ru,mismatch,1,1,H-L,0.2668695587773144,0.5318160234783105,1.0,0.75,bi,L1+L2 docs
EN-RU,EN docs,33.6319,33.7587,0.1267999999999958,10.0,-0.09531140080054712,0.36367539721658415,-0.138182913331935,0.4058126799227603,en,ru,mismatch,1,1,H-L,0.2668695587773144,0.5318160234783105,1.0,0.75,mono,L1 docs
EN-RU,RU docs,27.1639,29.1501,1.9861999999999966,50.0,1.3245324955357076,2.6971180569266426,1.2125038954785077,2.834062156934302,en,ru,mismatch,1,1,H-L,0.2668695587773144,0.5318160234783105,1.0,0.75,mono,L2 docs
EN-VI,EN + VI docs,33.5941,33.3664,-0.22769999999999868,10.0,-0.4733757508555047,0.07004636098010796,-0.5257749744971768,0.1356989798747508,en,vi,match,1,0,H-L,0.2793316072859799,0.4550502247782184,0.6666666666666667,1.0,bi,L1+L2 docs
EN-VI,EN docs,33.6319,33.4424,-0.18950000000000244,10.0,-0.41435350220639366,0.11067776069313016,-0.4571906869328129,0.1771813029955976,en,vi,match,1,0,H-L,0.2793316072859799,0.4550502247782184,0.6666666666666667,1.0,mono,L1 docs
EN-VI,VI docs,26.1947,28.4526,2.2578999999999994,50.0,1.51159938516749,3.0776215637185986,1.3834923339398961,3.211587707075979,en,vi,match,1,0,H-L,0.2793316072859799,0.4550502247782184,0.6666666666666667,1.0,mono,L2 docs
EN-ZH,EN + ZH docs,33.5275,33.2397,-0.2878000000000043,10.0,-0.5692219898418902,-0.01079112559500006,-0.6190600202027617,0.04394085674699662,en,zh,mismatch,1,0,H-H,0.3315539545840974,0.5318160234783105,0.8,1.0,bi,L1+L2 docs
EN-ZH,EN docs,33.6319,33.5055,-0.12640000000000384,10.0,-0.3521435960317472,0.10497129498645091,-0.39806050418561895,0.14576387095781235,en,zh,mismatch,1,0,H-H,0.3315539545840974,0.5318160234783105,0.8,1.0,mono,L1 docs
EN-ZH,ZH docs,26.1669,27.8434,1.6765000000000008,50.0,1.0367855985720946,2.4687124976860595,0.897713261076058,2.615181057442703,en,zh,mismatch,1,0,H-H,0.3315539545840974,0.5318160234783105,0.8,1.0,mono,L2 docs
ES-AR,AR docs,24.5283,26.3773,1.8490000000000002,50.0,1.2062575549693992,2.683830227476845,1.0782169312851158,2.8438865061313137,es,ar,mismatch,1,1,H-H,0.2911280393189044,-1.0,1.0,1.0,mono,L2 docs
ES-AR,ES + AR docs,30.1148,30.555,0.4402000000000008,30.0,0.04874979014725085,0.9746409900417405,-0.00724364340294787,1.0780877960491653,es,ar,mismatch,1,1,H-H,0.2911280393189044,-1.0,1.0,1.0,bi,L1+L2 docs
ES-AR,ES docs,30.0722,30.6263,0.5541000000000018,30.0,0.11816687281237855,1.056099440698077,0.05299927042810744,1.1466823494864715,es,ar,mismatch,1,1,H-H,0.2911280393189044,-1.0,1.0,1.0,mono,L1 docs
ES-DE,DE docs,27.7748,28.6112,0.8364000000000011,70.0,0.41107281926280487,1.332054817762849,0.33887591772170833,1.424838542913732,es,de,match,1,1,H-H,0.3224018022901291,-1.0,0.0,0.8452380952380953,mono,L2 docs
ES-DE,ES + DE docs,30.2756,30.5749,0.2992999999999988,30.0,0.041094563289014556,0.9128056474135592,-0.024769392026303988,1.0287486331653337,es,de,match,1,1,H-H,0.3224018022901291,-1.0,0.0,0.8452380952380953,bi,L1+L2 docs
ES-DE,ES docs,30.0722,30.3105,0.2383000000000024,30.0,-0.028746746571511564,0.7437811089386884,-0.08087914485285806,0.8418697877346132,es,de,match,1,1,H-H,0.3224018022901291,-1.0,0.0,0.8452380952380953,mono,L1 docs
ES-FR,ES + FR docs,30.6838,31.4917,0.8079000000000001,70.0,0.28550929453970736,1.2263781367766404,0.21231830508100044,1.319104822558266,es,fr,match,0,0,H-H,0.2736650592411946,-1.0,0.0,0.3487394957983193,bi,L1+L2 docs
ES-FR,ES docs,30.0722,30.6816,0.6094000000000008,50.0,0.20307817197357123,1.225487122606104,0.1337872678716141,1.348975765713106,es,fr,match,0,0,H-H,0.2736650592411946,-1.0,0.0,0.3487394957983193,mono,L1 docs
ES-FR,FR docs,30.0767,30.7253,0.6486000000000018,70.0,0.2676155897493938,1.1348885486276616,0.20494608805701714,1.2397467266887332,es,fr,match,0,0,H-H,0.2736650592411946,-1.0,0.0,0.3487394957983193,mono,L2 docs
ES-HI,ES + HI docs,30.1095,30.6611,0.5516000000000005,30.0,0.12076993950066583,1.159663403326564,0.05797693868682039,1.2831483885172001,es,hi,mismatch,1,1,H-L,0.3566747667564867,-1.0,0.5,0.8452380952380953,bi,L1+L2 docs
ES-HI,ES docs,30.0722,30.5372,0.46499999999999986,30.0,0.12260541419179757,0.9328743393218695,0.06257668956310587,1.0219859690365365,es,hi,mismatch,1,1,H-L,0.3566747667564867,-1.0,0.5,0.8452380952380953,mono,L1 docs
ES-HI,HI docs,26.7959,27.7314,0.9355000000000011,70.0,0.43572909442650315,1.5363034123581303,0.34342394742284826,1.6527031695466308,es,hi,mismatch,1,1,H-L,0.3566747667564867,-1.0,0.5,0.8452380952380953,mono,L2 docs
ES-ID,ES + ID docs,30.2423,30.5481,0.3058000000000014,30.0,0.06823125213601511,0.9684646219307946,0.015130564307203102,1.087105916486364,es,id,match,1,1,H-L,0.2855117376556887,-1.0,0.0,1.0,bi,L1+L2 docs
ES-ID,ES docs,30.0722,30.7213,0.6491000000000007,30.0,0.24178467110043284,1.1428690031714925,0.1784840386705567,1.2412963501462,es,id,match,1,1,H-L,0.2855117376556887,-1.0,0.0,1.0,mono,L1 docs
ES-ID,ID docs,28.4534,29.1141,0.6607000000000021,70.0,0.24593148877534912,1.080283905841969,0.17718945804755287,1.1661007900882012,es,id,match,1,1,H-L,0.2855117376556887,-1.0,0.0,1.0,mono,L2 docs
ES-IT,ES + IT docs,30.4279,31.2934,0.8654999999999973,50.0,0.35175227445518614,1.5213942634496371,0.2442247585083333,1.639273011020373,es,it,match,0,0,H-L,0.1493690937373497,-1.0,0.0,0.3506493506493506,bi,L1+L2 docs
ES-IT,ES docs,30.0722,30.6086,0.5364000000000004,50.0,0.08032671822140129,1.1283006467990395,0.01427501860522451,1.2404772212865907,es,it,match,0,0,H-L,0.1493690937373497,-1.0,0.0,0.3506493506493506,mono,L1 docs
ES-IT,IT docs,28.9647,30.3229,1.3582,50.0,0.7969283795751858,1.9761560717975521,0.6985849312561617,2.08683837453242,es,it,match,0,0,H-L,0.1493690937373497,-1.0,0.0,0.3506493506493506,mono,L2 docs
ES-JA,ES + JA docs,30.1379,30.4998,0.3619000000000021,30.0,0.006942647733774266,0.9583086896631758,-0.05180095148228972,1.0617647619148103,es,ja,mismatch,1,1,H-H,0.480490769204942,-1.0,0.5,1.0,bi,L1+L2 docs
ES-JA,ES docs,30.0722,30.5983,0.5260999999999996,30.0,0.09111892633363024,1.0048572935248203,0.024282116845727064,1.0966135829585255,es,ja,mismatch,1,1,H-H,0.480490769204942,-1.0,0.5,1.0,mono,L1 docs
ES-JA,JA docs,27.2089,27.6285,0.4195999999999991,70.0,0.0832908403473832,0.9203274730009787,0.026923818322149275,1.0196627841821397,es,ja,mismatch,1,1,H-H,0.480490769204942,-1.0,0.5,1.0,mono,L2 docs
ES-NL,ES + NL docs,29.9502,31.6132,1.6630000000000003,50.0,0.961805634925627,2.299935834466216,0.8331040149014852,2.4184994114902754,es,nl,match,1,1,H-L,0.2633619213516527,-1.0,0.0,0.8285714285714286,bi,L1+L2 docs
ES-NL,ES docs,30.0722,30.6967,0.6245000000000012,30.0,0.23941996640547866,1.2592309748507635,0.1827790218014169,1.3744137725381358,es,nl,match,1,1,H-L,0.2633619213516527,-1.0,0.0,0.8285714285714286,mono,L1 docs
ES-NL,NL docs,28.7171,29.8323,1.1152000000000015,70.0,0.69870956432046,1.5713335733394445,0.6251296906650403,1.6639165510244458,es,nl,match,1,1,H-L,0.2633619213516527,-1.0,0.0,0.8285714285714286,mono,L2 docs
ES-PT,ES + PT docs,30.269,31.1398,0.8708000000000027,30.0,0.46590298897072824,1.5064003618254604,0.3804447265759178,1.617938004563435,es,pt,match,0,0,H-L,0.1591809087645269,-1.0,0.0,0.1964285714285714,bi,L1+L2 docs
ES-PT,ES docs,30.0722,30.7506,0.6783999999999999,50.0,0.27276890048307617,1.2682368418355139,0.2056060690163144,1.3794875875196195,es,pt,match,0,0,H-L,0.1591809087645269,-1.0,0.0,0.1964285714285714,mono,L1 docs
ES-PT,PT docs,28.7125,29.9522,1.2397000000000027,50.0,0.6085686493664353,1.8885026053495386,0.4860990772890711,2.000701559811818,es,pt,match,0,0,H-L,0.1591809087645269,-1.0,0.0,0.1964285714285714,mono,L2 docs
ES-RU,ES + RU docs,30.2121,30.778,0.5658999999999992,30.0,0.18797709948141214,1.1225321719774037,0.12430377565907769,1.2249256321698379,es,ru,mismatch,1,0,H-L,0.2209302325581394,-1.0,1.0,0.761904761904762,bi,L1+L2 docs
ES-RU,ES docs,30.0722,30.4197,0.34750000000000014,30.0,0.08381330230824134,0.8309955842506409,0.025909723086736156,0.9222472077413735,es,ru,mismatch,1,0,H-L,0.2209302325581394,-1.0,1.0,0.761904761904762,mono,L1 docs
ES-RU,RU docs,27.1639,28.2052,1.0412999999999997,70.0,0.5782604013268905,1.5988739701700188,0.4907313272612147,1.7262809202043627,es,ru,mismatch,1,0,H-L,0.2209302325581394,-1.0,1.0,0.761904761904762,mono,L2 docs
ES-VI,ES + VI docs,29.7543,30.0663,0.3119999999999976,30.0,0.02339119237548939,0.8264860029900204,-0.037950944764911204,0.9262917214020442,es,vi,match,1,1,H-L,0.3827664406494028,-1.0,0.0,1.0,bi,L1+L2 docs
ES-VI,ES docs,30.0722,30.4258,0.35360000000000014,10.0,0.1329372315456798,0.7278319056190707,0.0878502278304925,0.8095232701262101,es,vi,match,1,1,H-L,0.3827664406494028,-1.0,0.0,1.0,mono,L1 docs
ES-VI,VI docs,26.1947,27.6137,1.4190000000000005,70.0,0.8646277414007748,2.077967262527249,0.7569685691602546,2.20900056987173,es,vi,match,1,1,H-L,0.3827664406494028,-1.0,0.0,1.0,mono,L2 docs
ES-ZH,ES + ZH docs,30.2586,30.2387,-0.019899999999999807,30.0,-0.41388957407474025,0.5958206105455114,-0.47185725626937375,0.7103415137660162,es,zh,mismatch,1,1,H-H,0.3484756873521473,-1.0,0.6666666666666667,1.0,bi,L1+L2 docs
ES-ZH,ES docs,30.0722,30.4928,0.4206000000000003,30.0,-0.03982113273458334,0.9183748068515631,-0.11539331898309609,1.0180478520949856,es,zh,mismatch,1,1,H-H,0.3484756873521473,-1.0,0.6666666666666667,1.0,mono,L1 docs
ES-ZH,ZH docs,26.1669,27.1744,1.0075000000000003,70.0,0.49180893481110266,1.5355646340075924,0.38285950234189164,1.640450319200326,es,zh,mismatch,1,1,H-H,0.3484756873521473,-1.0,0.6666666666666667,1.0,mono,L2 docs
FR-AR,AR docs,24.5283,26.4679,1.9395999999999987,50.0,1.2553385143347453,2.744717539540587,1.120773710770532,2.9096399615827213,fr,ar,mismatch,1,1,H-H,0.2930156085644664,0.4550502247782184,1.0,1.0,mono,L2 docs
FR-AR,FR + AR docs,30.3066,30.5188,0.21219999999999928,30.0,-0.07516822147889464,0.7593596989861509,-0.12784142935620915,0.8584488121353444,fr,ar,mismatch,1,1,H-H,0.2930156085644664,0.4550502247782184,1.0,1.0,bi,L1+L2 docs
FR-AR,FR docs,30.0767,30.517,0.4403000000000006,30.0,0.08350134683424494,0.9489805935080614,0.029083001546717214,1.0389651422307076,fr,ar,mismatch,1,1,H-H,0.2930156085644664,0.4550502247782184,1.0,1.0,mono,L1 docs
FR-DE,DE docs,27.7748,28.5798,0.8049999999999997,70.0,0.41604521357382235,1.2925509888876476,0.3448983490377596,1.3901951619673771,fr,de,match,1,1,H-H,0.1720840679241778,-1.0,0.0,0.857843137254902,mono,L2 docs
FR-DE,FR + DE docs,30.228,30.9309,0.7028999999999996,30.0,0.3231659339728076,1.2606307444498428,0.26789235633338937,1.3665991261743329,fr,de,match,1,1,H-H,0.1720840679241778,-1.0,0.0,0.857843137254902,bi,L1+L2 docs
FR-DE,FR docs,30.0767,30.6678,0.5911000000000008,30.0,0.2275018700175515,1.1472354746218718,0.16930134320382298,1.2579821246578289,fr,de,match,1,1,H-H,0.1720840679241778,-1.0,0.0,0.857843137254902,mono,L1 docs
FR-HI,FR + HI docs,30.2483,30.6,0.351700000000001,30.0,-0.029852570737292607,1.1271299914052195,-0.10161438706953163,1.2921094438002039,fr,hi,mismatch,1,1,H-L,0.2962962962962963,0.5729597091269405,0.5,0.857843137254902,bi,L1+L2 docs
FR-HI,FR docs,30.0767,30.351,0.2743000000000002,30.0,-0.07084171686628409,0.8122903785611635,-0.13551724793048495,0.9122923288294391,fr,hi,mismatch,1,1,H-L,0.2962962962962963,0.5729597091269405,0.5,0.857843137254902,mono,L1 docs
FR-HI,HI docs,26.7959,27.6574,0.8614999999999995,70.0,0.4288192349831007,1.3992047950669502,0.3618491414049614,1.5115576736634464,fr,hi,mismatch,1,1,H-L,0.2962962962962963,0.5729597091269405,0.5,0.857843137254902,mono,L2 docs
FR-ID,FR + ID docs,30.2225,30.6608,0.43829999999999814,30.0,0.1700055261288192,1.167150550633634,0.10870114565929852,1.3013937575175363,fr,id,match,1,1,H-L,0.266786779977161,0.4380858271151805,0.0,1.0,bi,L1+L2 docs
FR-ID,FR docs,30.0767,30.3632,0.2865000000000002,10.0,0.06470049297711604,0.7699908922031992,0.008527161860844241,0.8647056530152425,fr,id,match,1,1,H-L,0.266786779977161,0.4380858271151805,0.0,1.0,mono,L1 docs
FR-ID,ID docs,28.4534,28.7934,0.33999999999999986,70.0,0.14820398115820338,0.7664204614215709,0.10545160720562398,0.8490865845658249,fr,id,match,1,1,H-L,0.266786779977161,0.4380858271151805,0.0,1.0,mono,L2 docs
FR-IT,FR + IT docs,30.2669,31.0401,0.7731999999999992,30.0,0.3617620014697421,1.3079505717491133,0.30007634773525543,1.4093587218511814,fr,it,match,0,0,H-L,0.1999053086343373,0.4143877070053741,0.0,0.4010695187165775,bi,L1+L2 docs
FR-IT,FR docs,30.0767,30.7129,0.6362000000000023,30.0,0.2367130194670283,1.1353106373944706,0.17829449051884846,1.2405891017226336,fr,it,match,0,0,H-L,0.1999053086343373,0.4143877070053741,0.0,0.4010695187165775,mono,L1 docs
FR-IT,IT docs,28.9647,30.0307,1.065999999999999,70.0,0.6457293743337658,1.4965640215388711,0.5747115733724558,1.5876912267815109,fr,it,match,0,0,H-L,0.1999053086343373,0.4143877070053741,0.0,0.4010695187165775,mono,L2 docs
FR-JA,FR + JA docs,30.0449,30.4538,0.4089000000000027,30.0,0.13294599616973352,0.9959782106722913,0.06873071616685787,1.0981212474373188,fr,ja,mismatch,1,1,H-H,0.414998208962939,0.6071959063489053,0.5,1.0,bi,L1+L2 docs
FR-JA,FR docs,30.0767,30.3772,0.30049999999999955,10.0,0.06823710701041091,0.9274705957341662,0.009802039108485988,1.0673200091478474,fr,ja,mismatch,1,1,H-H,0.414998208962939,0.6071959063489053,0.5,1.0,mono,L1 docs
FR-JA,JA docs,27.2089,27.8059,0.5970000000000013,70.0,0.1719885022803128,1.1340235336877658,0.10226489933176168,1.2344353364668592,fr,ja,mismatch,1,1,H-H,0.414998208962939,0.6071959063489053,0.5,1.0,mono,L2 docs
FR-NL,FR + NL docs,30.0198,30.8864,0.8665999999999983,30.0,0.49482837531574564,1.4900772747356295,0.43045783795178977,1.5942241445012366,fr,nl,match,1,1,H-L,0.1736269509321171,0.4438126822992972,0.0,0.8411764705882353,bi,L1+L2 docs
FR-NL,FR docs,30.0767,30.7689,0.6921999999999997,30.0,0.3029161033193441,1.1987651913105435,0.24047867448651158,1.3118481335826193,fr,nl,match,1,1,H-L,0.1736269509321171,0.4438126822992972,0.0,0.8411764705882353,mono,L1 docs
FR-NL,NL docs,28.7171,29.3846,0.6675000000000004,70.0,0.34525215162577483,1.1833814871943322,0.28541333726191176,1.284271956029708,fr,nl,match,1,1,H-L,0.1736269509321171,0.4438126822992972,0.0,0.8411764705882353,mono,L2 docs
FR-PT,FR + PT docs,30.2877,31.0915,0.803799999999999,30.0,0.34659837725174736,1.333502787906579,0.27788117979878396,1.4320861353409706,fr,pt,match,0,0,H-L,0.1608390898412857,0.408248290463863,0.0,0.3933823529411764,bi,L1+L2 docs
FR-PT,FR docs,30.0767,30.4691,0.3924000000000021,10.0,0.18130767797316735,0.8459951537499167,0.13055148747693873,0.9381395028927789,fr,pt,match,0,0,H-L,0.1608390898412857,0.408248290463863,0.0,0.3933823529411764,mono,L1 docs
FR-PT,PT docs,28.7125,29.5308,0.8183000000000007,50.0,0.38547337390152825,1.4659457103009141,0.2954695854560291,1.5708527974889372,fr,pt,match,0,0,H-L,0.1608390898412857,0.408248290463863,0.0,0.3933823529411764,mono,L2 docs
FR-RU,FR + RU docs,29.9416,30.7522,0.8105999999999973,30.0,0.33851573551393344,1.3357541346399917,0.25287266824424465,1.4497006348492956,fr,ru,mismatch,1,0,H-L,0.2425364189229601,0.5173748811807234,1.0,0.7745098039215687,bi,L1+L2 docs
FR-RU,FR docs,30.0767,30.5118,0.43510000000000204,30.0,0.1288307559488116,0.9519891521032029,0.07393514938267476,1.0624141520214452,fr,ru,mismatch,1,0,H-L,0.2425364189229601,0.5173748811807234,1.0,0.7745098039215687,mono,L1 docs
FR-RU,RU docs,27.1639,27.8545,0.6905999999999999,70.0,0.3481062167732297,1.2580924152775783,0.28688064639029864,1.3762330733382708,fr,ru,mismatch,1,0,H-L,0.2425364189229601,0.5173748811807234,1.0,0.7745098039215687,mono,L2 docs
FR-VI,FR + VI docs,30.2319,30.7184,0.4864999999999995,30.0,0.1057646699150796,1.0478850441517098,0.04993537772554158,1.1595702628009221,fr,vi,match,1,1,H-L,0.3472106012137551,0.5222329678670935,0.0,1.0,bi,L1+L2 docs
FR-VI,FR docs,30.0767,30.3486,0.27190000000000225,10.0,0.04067574766098314,0.7882601514960508,-0.006672772156596183,0.8943757662785801,fr,vi,match,1,1,H-L,0.3472106012137551,0.5222329678670935,0.0,1.0,mono,L1 docs
FR-VI,VI docs,26.1947,27.7805,1.585799999999999,70.0,1.027907587311541,2.1980203279612622,0.9159752608563412,2.3154341461718446,fr,vi,match,1,1,H-L,0.3472106012137551,0.5222329678670935,0.0,1.0,mono,L2 docs
FR-ZH,FR + ZH docs,30.0637,30.3072,0.24350000000000094,10.0,-0.013414856646717136,0.6521619418907337,-0.07159657011211226,0.7451902961672396,fr,zh,mismatch,1,1,H-H,0.3472106012137551,0.6154574548966637,0.6666666666666667,1.0,bi,L1+L2 docs
FR-ZH,FR docs,30.0767,30.319,0.24230000000000018,10.0,0.028355969276489295,0.6639210457251528,-0.021681664043580885,0.7598316746553611,fr,zh,mismatch,1,1,H-H,0.3472106012137551,0.6154574548966637,0.6666666666666667,1.0,mono,L1 docs
FR-ZH,ZH docs,26.1669,27.1696,1.0027000000000008,70.0,0.5171684701996421,1.5888740821997325,0.42121039252664066,1.7140138355339145,fr,zh,mismatch,1,1,H-H,0.3472106012137551,0.6154574548966637,0.6666666666666667,1.0,mono,L2 docs
HI-ID,HI + ID docs,28.5121,29.6792,1.1671000000000014,70.0,0.6042175612847945,1.7439612816275072,0.5030014023363283,1.8551432350458004,hi,id,mismatch,1,1,L-L,0.3624232869366617,0.3892494720807615,0.5,1.0,bi,L1+L2 docs
HI-ID,HI docs,26.7959,27.6586,0.8627000000000002,30.0,0.3759632499806669,1.4277431188957126,0.288706180546311,1.5361205184074838,hi,id,mismatch,1,1,L-L,0.3624232869366617,0.3892494720807615,0.5,1.0,mono,L1 docs
HI-ID,ID docs,28.4534,29.1419,0.6885000000000012,70.0,0.27678533290341123,1.1350169629678848,0.21815077108495026,1.21868430510534,hi,id,mismatch,1,1,L-L,0.3624232869366617,0.3892494720807615,0.5,1.0,mono,L2 docs
HI-PT,HI + PT docs,28.6583,29.5106,0.8522999999999996,70.0,0.3073585646657319,1.4969559898913607,0.20769386099914772,1.6207318678922789,hi,pt,mismatch,1,1,L-L,0.2990538279850739,0.5124707431905383,0.5,0.8541666666666667,bi,L1+L2 docs
HI-PT,HI docs,26.7959,27.7036,0.907700000000002,30.0,0.41505809079331224,1.4804959510938571,0.32834463468207087,1.5859829926112388,hi,pt,mismatch,1,1,L-L,0.2990538279850739,0.5124707431905383,0.5,0.8541666666666667,mono,L1 docs
HI-PT,PT docs,28.7125,29.22,0.5075000000000003,70.0,0.1283845673097803,1.0241251638733055,0.06414193444172425,1.115456762701803,hi,pt,mismatch,1,1,L-L,0.2990538279850739,0.5124707431905383,0.5,0.8541666666666667,mono,L2 docs
HI-RU,HI + RU docs,27.3729,29.1728,1.7998999999999974,50.0,1.114232475888512,2.40606154409827,0.9969911216470193,2.5405085008400556,hi,ru,mismatch,1,1,L-L,0.2944174861200176,0.5318160234783105,1.0,0.75,bi,L1+L2 docs
HI-RU,HI docs,26.7959,27.6286,0.8326999999999991,30.0,0.33690102307879877,1.3786939461452195,0.24827508322534736,1.4875532314190996,hi,ru,mismatch,1,1,L-L,0.2944174861200176,0.5318160234783105,1.0,0.75,mono,L1 docs
HI-RU,RU docs,27.1639,28.191,1.0270999999999972,70.0,0.5211237649919228,1.525546525556599,0.42633027307254107,1.6284841704984192,hi,ru,mismatch,1,1,L-L,0.2944174861200176,0.5318160234783105,1.0,0.75,mono,L2 docs
HI-VI,HI + VI docs,26.9792,27.9593,0.9801000000000002,50.0,0.25960889886208055,1.83139400209033,0.12529348591003472,1.9658652397658212,hi,vi,mismatch,1,1,L-L,0.459408779130141,0.5173748811807234,0.5,1.0,bi,L1+L2 docs
HI-VI,HI docs,26.7959,26.8999,0.1039999999999992,30.0,-0.28792016152093924,0.6666674746951543,-0.3535547288045615,0.7765385264453989,hi,vi,mismatch,1,1,L-L,0.459408779130141,0.5173748811807234,0.5,1.0,mono,L1 docs
HI-VI,VI docs,26.1947,27.368,1.1732999999999976,70.0,0.6485254047388681,1.7076172922051485,0.539261183198371,1.8208262354088491,hi,vi,mismatch,1,1,L-L,0.459408779130141,0.5173748811807234,0.5,1.0,mono,L2 docs
HI-ZH,HI + ZH docs,27.1325,28.2912,1.1586999999999996,30.0,0.49375701848819104,1.6947581447415743,0.3858326695920859,1.8139693243095147,hi,zh,mismatch,1,1,L-H,0.3268109325016849,0.5595813731096785,0.75,1.0,bi,L1+L2 docs
HI-ZH,HI docs,26.7959,27.253,0.4571000000000005,30.0,-0.008189236379423677,1.0299868123671072,-0.08031294975796335,1.1431563836263758,hi,zh,mismatch,1,1,L-H,0.3268109325016849,0.5595813731096785,0.75,1.0,mono,L1 docs
HI-ZH,ZH docs,26.1669,26.5126,0.3457000000000008,90.0,0.13892550083167574,0.8695436649926424,0.08902390781084027,0.9836812171338672,hi,zh,mismatch,1,1,L-H,0.3268109325016849,0.5595813731096785,0.75,1.0,mono,L2 docs
ID-PT,ID + PT docs,28.9835,29.9055,0.9220000000000006,50.0,0.22497409869535262,1.3689628413596946,0.1277855322885386,1.4892596542378038,id,pt,match,1,1,L-L,0.2295575850444654,0.3956837835515331,0.0,1.0,bi,L1+L2 docs
ID-PT,ID docs,28.4534,29.0927,0.6393000000000022,30.0,0.2270060362319292,1.1100778020311297,0.16256871292922526,1.20016694929109,id,pt,match,1,1,L-L,0.2295575850444654,0.3956837835515331,0.0,1.0,mono,L1 docs
ID-PT,PT docs,28.7125,29.1483,0.4358000000000004,70.0,-0.016587952692935896,0.9710363032596226,-0.08042551030627619,1.0753258908799745,id,pt,match,1,1,L-L,0.2295575850444654,0.3956837835515331,0.0,1.0,mono,L2 docs
ID-RU,ID + RU docs,28.606,29.2,0.5939999999999976,50.0,0.1881237509278332,1.3795335692259418,0.12879005280513445,1.5226243838227485,id,ru,mismatch,1,1,L-L,0.2855117376556887,0.4438126822992972,1.0,1.0,bi,L1+L2 docs
ID-RU,ID docs,28.4534,28.8517,0.39830000000000254,30.0,0.10099540024246637,0.8708214296209416,0.047448891193227205,0.9647556323926946,id,ru,mismatch,1,1,L-L,0.2855117376556887,0.4438126822992972,1.0,1.0,mono,L1 docs
ID-RU,RU docs,27.1639,27.9239,0.759999999999998,70.0,0.2929706848355247,1.2465499957823034,0.21220499374995355,1.3401176098771987,id,ru,mismatch,1,1,L-L,0.2855117376556887,0.4438126822992972,1.0,1.0,mono,L2 docs
ID-VI,ID + VI docs,28.9004,29.2296,0.32920000000000016,30.0,0.04624674735156554,1.043456760298487,-0.0037879422925531825,1.2008055249954241,id,vi,match,1,0,L-L,0.2157168703811305,0.2562353715952691,0.0,1.0,bi,L1+L2 docs
ID-VI,ID docs,28.4534,28.757,0.303600000000003,10.0,0.09711372336457576,0.7224685630146667,0.051591438104020164,0.8090854009447741,id,vi,match,1,0,L-L,0.2157168703811305,0.2562353715952691,0.0,1.0,mono,L1 docs
ID-VI,VI docs,26.1947,27.6783,1.4835999999999991,70.0,0.9743972734135644,2.204729130930834,0.879548122824055,2.3493736407282046,id,vi,match,1,0,L-L,0.2157168703811305,0.2562353715952691,0.0,1.0,mono,L2 docs
ID-ZH,ID + ZH docs,28.4023,28.8187,0.41639999999999944,30.0,0.14260081105017783,1.0418952085594166,0.07178582615995392,1.1682581180846972,id,zh,mismatch,1,0,L-H,0.2976568988487735,0.3408249054303633,0.6666666666666667,1.0,bi,L1+L2 docs
ID-ZH,ID docs,28.4534,28.8224,0.3689999999999998,30.0,0.12333880844170332,0.8070091974014337,0.07665936051451556,0.8823172892315481,id,zh,mismatch,1,0,L-H,0.2976568988487735,0.3408249054303633,0.6666666666666667,1.0,mono,L1 docs
ID-ZH,ZH docs,26.1669,27.2517,1.0848000000000013,70.0,0.5975553847588142,1.6005733386354657,0.5028400664046664,1.6957217246068355,id,zh,mismatch,1,0,L-H,0.2976568988487735,0.3408249054303633,0.6666666666666667,1.0,mono,L2 docs
IT-AR,AR docs,24.5283,26.1164,1.5880999999999972,70.0,1.0170157344020958,2.3987669696775,0.8998673017603857,2.553864133711884,it,ar,mismatch,1,1,L-H,0.2683133624296667,0.497468338163091,1.0,1.0,mono,L2 docs
IT-AR,IT + AR docs,29.1156,29.4992,0.3835999999999977,30.0,0.13507355016537198,0.9151001217056677,0.07111267947645193,1.0305505060813804,it,ar,mismatch,1,1,L-H,0.2683133624296667,0.497468338163091,1.0,1.0,bi,L1+L2 docs
IT-AR,IT docs,28.9647,29.4038,0.4390999999999998,30.0,0.10037737670786805,0.9090226854106729,0.03757011125313447,1.0009599468460904,it,ar,mismatch,1,1,L-H,0.2683133624296667,0.497468338163091,1.0,1.0,mono,L1 docs
IT-DE,DE docs,27.7748,28.8106,1.0358000000000018,70.0,0.5539766321280599,1.5226116261831122,0.4643477304594195,1.6230552372202713,it,de,match,1,1,L-H,0.2167861344317558,-1.0,0.0,0.8257575757575757,mono,L2 docs
IT-DE,IT + DE docs,28.9927,30.5628,1.5701,30.0,1.042701365250681,2.0516059403842224,0.9472434045356326,2.149272324582786,it,de,match,1,1,L-H,0.2167861344317558,-1.0,0.0,0.8257575757575757,bi,L1+L2 docs
IT-DE,IT docs,28.9647,30.1702,1.2055000000000007,30.0,0.7175400383260577,1.6944921949321288,0.6255799396736228,1.7945191551629809,it,de,match,1,1,L-H,0.2167861344317558,-1.0,0.0,0.8257575757575757,mono,L1 docs
IT-HI,HI docs,26.7959,27.4666,0.6707000000000001,70.0,0.20917269134500957,1.2119473145854742,0.13133626972928208,1.311597538474406,it,hi,mismatch,1,1,L-L,0.3332544238619477,0.5173748811807234,0.5,0.8257575757575757,mono,L2 docs
IT-HI,IT + HI docs,29.1116,30.023,0.9114000000000004,30.0,0.4643746790432882,1.7082992474712626,0.3879227491333281,1.8527830452440677,it,hi,mismatch,1,1,L-L,0.3332544238619477,0.5173748811807234,0.5,0.8257575757575757,bi,L1+L2 docs
IT-HI,IT docs,28.9647,29.6107,0.6460000000000008,30.0,0.3116262953211857,1.1639261216764734,0.24827892032236507,1.2659533095153275,it,hi,mismatch,1,1,L-L,0.3332544238619477,0.5173748811807234,0.5,0.8257575757575757,mono,L1 docs
IT-ID,ID docs,28.4534,28.969,0.5156000000000027,70.0,0.1456588589675967,0.969580858046594,0.08714080098146057,1.050795171739537,it,id,match,1,1,L-L,0.2465894250431822,0.4264014327112209,0.0,1.0,mono,L2 docs
IT-ID,IT + ID docs,29.1564,30.1328,0.9763999999999982,50.0,0.37802635325681067,1.506817693957387,0.2942955210036796,1.637359184060692,it,id,match,1,1,L-L,0.2465894250431822,0.4264014327112209,0.0,1.0,bi,L1+L2 docs
IT-ID,IT docs,28.9647,29.5294,0.5646999999999984,30.0,0.25542648255119715,1.1564034071572158,0.20148974362564973,1.2739375076644095,it,id,match,1,1,L-L,0.2465894250431822,0.4264014327112209,0.0,1.0,mono,L1 docs
IT-JA,IT + JA docs,29.0058,30.0469,1.0411000000000001,30.0,0.4841936335412932,1.6077388494671,0.39258684948858164,1.7226779729980042,it,ja,mismatch,1,1,L-H,0.4252887140476908,0.5988203892536214,0.5,1.0,bi,L1+L2 docs
IT-JA,IT docs,28.9647,29.7084,0.7437000000000005,30.0,0.33478770438093264,1.2233157352978956,0.2709794078075144,1.3100679433552391,it,ja,mismatch,1,1,L-H,0.4252887140476908,0.5988203892536214,0.5,1.0,mono,L1 docs
IT-JA,JA docs,27.2089,27.6133,0.404399999999999,90.0,0.15278068701698316,0.9309234932072945,0.09286506773430983,1.0303226227341533,it,ja,mismatch,1,1,L-H,0.4252887140476908,0.5988203892536214,0.5,1.0,mono,L2 docs
IT-NL,IT + NL docs,29.0953,30.3033,1.2079999999999984,30.0,0.6596049672617137,1.6844238831104397,0.5690878447475446,1.779470573199078,it,nl,match,1,1,L-L,0.178152751155727,0.4605661864718383,0.0,0.8090909090909091,bi,L1+L2 docs
IT-NL,IT docs,28.9647,30.1279,1.1631999999999998,30.0,0.6892213893349732,1.6944250983686546,0.6034068687325835,1.8104031472908315,it,nl,match,1,1,L-L,0.178152751155727,0.4605661864718383,0.0,0.8090909090909091,mono,L1 docs
IT-NL,NL docs,28.7171,29.3862,0.6691000000000003,50.0,0.43469893139810056,1.3442076221771053,0.3895586465581908,1.468614315662997,it,nl,match,1,1,L-L,0.178152751155727,0.4605661864718383,0.0,0.8090909090909091,mono,L2 docs
IT-PT,IT + PT docs,29.2249,30.6428,1.4178999999999995,50.0,0.8618604878000748,1.8952550797612377,0.7663438022272933,2.00140900706795,it,pt,match,0,0,L-L,0.0922318235359002,0.2357022603955158,0.0,0.3863636363636363,bi,L1+L2 docs
IT-PT,IT docs,28.9647,30.0835,1.1188000000000002,30.0,0.7056205904053118,1.5811295278312287,0.6236535157773091,1.665113023730881,it,pt,match,0,0,L-L,0.0922318235359002,0.2357022603955158,0.0,0.3863636363636363,mono,L1 docs
IT-PT,PT docs,28.7125,29.7975,1.0850000000000009,50.0,0.6010414758589517,1.7350725800367053,0.5113591906914638,1.8633248443958375,it,pt,match,0,0,L-L,0.0922318235359002,0.2357022603955158,0.0,0.3863636363636363,mono,L2 docs
IT-RU,IT + RU docs,29.1677,30.117,0.9493000000000009,30.0,0.5018966144361157,1.5636582590848738,0.4307208813814973,1.6918521455284876,it,ru,mismatch,1,0,L-L,0.1838541304777274,0.5173748811807234,1.0,0.7424242424242424,bi,L1+L2 docs
IT-RU,IT docs,28.9647,29.851,0.8862999999999985,30.0,0.4515157442186899,1.3356824725670113,0.3827437973629259,1.4216121972428866,it,ru,mismatch,1,0,L-L,0.1838541304777274,0.5173748811807234,1.0,0.7424242424242424,mono,L1 docs
IT-RU,RU docs,27.1639,28.1014,0.9375,70.0,0.4619511331232907,1.4390807123475478,0.37393613286547006,1.5377142883040555,it,ru,mismatch,1,0,L-L,0.1838541304777274,0.5173748811807234,1.0,0.7424242424242424,mono,L2 docs
IT-VI,IT + VI docs,29.0164,29.844,0.8276000000000003,30.0,0.35466163025460845,1.4213768314787194,0.28323989062398025,1.533655052607319,it,vi,match,1,1,L-L,0.322023077941647,0.5222329678670935,0.0,1.0,bi,L1+L2 docs
IT-VI,IT docs,28.9647,29.7722,0.807500000000001,30.0,0.4041913460058604,1.324233981907267,0.3408709870947324,1.4137104376481116,it,vi,match,1,1,L-L,0.322023077941647,0.5222329678670935,0.0,1.0,mono,L1 docs
IT-VI,VI docs,26.1947,27.4441,1.2493999999999978,70.0,0.6960277905558726,1.8400167584787335,0.5952320404407072,1.9373017479822539,it,vi,match,1,1,L-L,0.322023077941647,0.5222329678670935,0.0,1.0,mono,L2 docs
IT-ZH,IT + ZH docs,29.0512,29.7812,0.7299999999999969,30.0,0.23131262584597076,1.321163608513758,0.16149347956064333,1.4432390483821518,it,zh,mismatch,1,1,L-H,0.378521154779843,0.5817076915288627,0.6666666666666667,1.0,bi,L1+L2 docs
IT-ZH,IT docs,28.9647,29.7936,0.8289000000000009,30.0,0.37484609395725993,1.309589357903102,0.3017773197627692,1.4000487194099644,it,zh,mismatch,1,1,L-H,0.378521154779843,0.5817076915288627,0.6666666666666667,1.0,mono,L1 docs
IT-ZH,ZH docs,26.1669,26.8269,0.6600000000000001,70.0,0.2968417008607448,1.1908447279597012,0.24157722612542062,1.2870731750110211,it,zh,mismatch,1,1,L-H,0.378521154779843,0.5817076915288627,0.6666666666666667,1.0,mono,L2 docs
JA-AR,AR docs,24.5283,26.1544,1.6260999999999974,50.0,1.0402761601764339,2.4227408195136895,0.9272299113345038,2.5781550229969525,ja,ar,mismatch,1,1,H-H,0.4788062814294263,0.5903260526902472,1.0,1.0,mono,L2 docs
JA-AR,JA + AR docs,27.486,27.8081,0.32209999999999894,30.0,0.06055736095540248,1.1850698928225203,-0.002366927580576482,1.3622362650109354,ja,ar,mismatch,1,1,H-H,0.4788062814294263,0.5903260526902472,1.0,1.0,bi,L1+L2 docs
JA-AR,JA docs,27.2089,27.3588,0.1498999999999988,10.0,-0.08127278570003416,0.5387003946301936,-0.1312909517144595,0.6364331684669722,ja,ar,mismatch,1,1,H-H,0.4788062814294263,0.5903260526902472,1.0,1.0,mono,L1 docs
JA-HI,HI docs,26.7959,27.3211,0.5252000000000017,70.0,0.11029722948915577,1.0293066181666015,0.048459063812602565,1.1410015565367098,ja,hi,mismatch,1,1,H-L,0.381884900036313,0.5365433699886598,0.6666666666666667,1.0,mono,L2 docs
JA-HI,JA + HI docs,27.4556,28.1909,0.7352999999999987,50.0,0.14913710862549312,1.3650686845121944,0.06073688825809658,1.4770417255337767,ja,hi,mismatch,1,1,H-L,0.381884900036313,0.5365433699886598,0.6666666666666667,1.0,bi,L1+L2 docs
JA-HI,JA docs,27.2089,27.4546,0.24569999999999936,30.0,-0.12007438932811407,0.7606735235919011,-0.18225018975556723,0.8557247967928298,ja,hi,mismatch,1,1,H-L,0.381884900036313,0.5365433699886598,0.6666666666666667,1.0,mono,L1 docs
JA-ID,ID docs,28.4534,28.8815,0.4281000000000006,70.0,0.1637423386560462,0.8726409719283521,0.11921048994038728,0.9575490235745311,ja,id,mismatch,1,1,H-L,0.4046338544726856,0.4204374825912608,0.5,1.0,mono,L2 docs
JA-ID,JA + ID docs,28.4275,29.1939,0.7664000000000009,70.0,0.40371181616483903,1.3679605813093645,0.34303341245029656,1.4747775461393817,ja,id,mismatch,1,1,H-L,0.4046338544726856,0.4204374825912608,0.5,1.0,bi,L1+L2 docs
JA-ID,JA docs,27.2089,27.4277,0.21880000000000166,30.0,-0.02813235417918614,0.7118932643532422,-0.07855959091469832,0.8088793463584777,ja,id,mismatch,1,1,H-L,0.4046338544726856,0.4204374825912608,0.5,1.0,mono,L1 docs
JA-PT,JA + PT docs,28.629,29.4594,0.8303999999999974,70.0,0.25826599795905153,1.4658215435106912,0.1759004975297958,1.5980724147499399,ja,pt,mismatch,1,1,H-L,0.3880235008947944,0.5945883900105632,0.5,1.0,bi,L1+L2 docs
JA-PT,JA docs,27.2089,27.7463,0.5374000000000017,30.0,0.19476866197131387,1.0347468632826924,0.14029752025048356,1.1311093077666297,ja,pt,mismatch,1,1,H-L,0.3880235008947944,0.5945883900105632,0.5,1.0,mono,L1 docs
JA-PT,PT docs,28.7125,29.3429,0.6304000000000016,70.0,0.1860072525932761,1.1698567467254872,0.11495696497084823,1.2766916836097946,ja,pt,mismatch,1,1,H-L,0.3880235008947944,0.5945883900105632,0.5,1.0,mono,L2 docs
JA-RU,JA + RU docs,27.4201,28.7076,1.2874999999999979,50.0,0.4720285211297828,1.7599947130295401,0.3838364730487299,1.8884115998618536,ja,ru,mismatch,1,1,H-L,0.3939058974057656,0.5729597091269405,1.0,1.0,bi,L1+L2 docs
JA-RU,JA docs,27.2089,27.5805,0.3716000000000008,10.0,0.15560331837932484,0.8382308105004065,0.10399140921978071,0.9471199110972158,ja,ru,mismatch,1,1,H-L,0.3939058974057656,0.5729597091269405,1.0,1.0,mono,L1 docs
JA-RU,RU docs,27.1639,27.8138,0.6498999999999988,70.0,0.19986201730283942,1.1707935154249436,0.12855854383250123,1.2777831265726516,ja,ru,mismatch,1,1,H-L,0.3939058974057656,0.5729597091269405,1.0,1.0,mono,L2 docs
JA-VI,JA + VI docs,27.4907,28.1865,0.6957999999999984,30.0,0.2947520388410119,1.4602581446726113,0.22272445227057508,1.5919553667455209,ja,vi,mismatch,1,1,H-L,0.4528445690284778,0.4767312946227962,0.5,1.0,bi,L1+L2 docs
JA-VI,JA docs,27.2089,27.454,0.24510000000000076,10.0,-0.005172499902078086,0.7239654133360687,-0.059383612999635814,0.8320244071912908,ja,vi,mismatch,1,1,H-L,0.4528445690284778,0.4767312946227962,0.5,1.0,mono,L1 docs
JA-VI,VI docs,26.1947,27.2353,1.0405999999999977,70.0,0.5315828344432407,1.5774431534784805,0.445061770673491,1.6734506291081601,ja,vi,mismatch,1,1,H-L,0.4528445690284778,0.4767312946227962,0.5,1.0,mono,L2 docs
JA-ZH,JA + ZH docs,27.709,27.9943,0.28529999999999944,10.0,0.030918264128142612,0.7861985156433351,-0.026274829253202008,0.9040830303261841,ja,zh,mismatch,1,1,H-H,0.3434134828341734,0.5173748811807234,0.75,1.0,bi,L1+L2 docs
JA-ZH,JA docs,27.2089,27.2963,0.08739999999999881,30.0,-0.13103206535539885,0.5783391159306337,-0.17887815939396834,0.6810495276414118,ja,zh,mismatch,1,1,H-H,0.3434134828341734,0.5173748811807234,0.75,1.0,mono,L1 docs
JA-ZH,ZH docs,26.1669,26.5142,0.3473000000000006,70.0,-0.0255460834568078,0.9005031965148612,-0.08389757074100491,1.0104566492787486,ja,zh,mismatch,1,1,H-H,0.3434134828341734,0.5173748811807234,0.75,1.0,mono,L2 docs
NL-AR,AR docs,24.5283,26.6929,2.1646,50.0,1.3594132612631689,3.008100467231845,1.219175181994796,3.17206086087159,nl,ar,mismatch,1,1,L-H,0.3490276349746464,0.4923659639173309,1.0,1.0,mono,L2 docs
NL-AR,NL + AR docs,28.9548,29.7151,0.7603000000000009,30.0,0.4128639036428986,1.318820536500467,0.34765156624372506,1.430798280949489,nl,ar,mismatch,1,1,L-H,0.3490276349746464,0.4923659639173309,1.0,1.0,bi,L1+L2 docs
NL-AR,NL docs,28.7171,29.4386,0.7215000000000025,30.0,0.37857121774030933,1.214375203330588,0.3217248197463974,1.3166033599149052,nl,ar,mismatch,1,1,L-H,0.3490276349746464,0.4923659639173309,1.0,1.0,mono,L1 docs
NL-HI,HI docs,26.7959,27.7193,0.9234000000000009,70.0,0.4577381728728788,1.6528365305658166,0.359626654618857,1.8001820220789764,nl,hi,mismatch,1,1,L-L,0.305095390556553,0.5504818825631803,0.5,0.8166666666666667,mono,L2 docs
NL-HI,NL + HI docs,28.9692,30.3325,1.3632999999999988,30.0,0.8280156914850891,1.959552494244267,0.723386534322146,2.077775799386282,nl,hi,mismatch,1,1,L-L,0.305095390556553,0.5504818825631803,0.5,0.8166666666666667,bi,L1+L2 docs
NL-HI,NL docs,28.7171,29.6233,0.9062000000000019,30.0,0.49579925105343586,1.3616822413746237,0.43018476997941857,1.450186253135814,nl,hi,mismatch,1,1,L-L,0.305095390556553,0.5504818825631803,0.5,0.8166666666666667,mono,L1 docs
NL-ID,ID docs,28.4534,29.1715,0.7181000000000033,70.0,0.32425748594548676,1.2151314699433557,0.2575527980465889,1.312487925130395,nl,id,match,1,1,L-L,0.2887171132750802,0.3623715376697393,0.0,1.0,mono,L2 docs
NL-ID,NL + ID docs,28.8434,29.7896,0.946200000000001,30.0,0.49561930383229724,1.4222102957260925,0.4084440584074807,1.5207867469150635,nl,id,match,1,1,L-L,0.2887171132750802,0.3623715376697393,0.0,1.0,bi,L1+L2 docs
NL-ID,NL docs,28.7171,29.3075,0.5904000000000025,30.0,0.2657667973796107,1.03028328457695,0.21416435588745425,1.1041948347524155,nl,id,match,1,1,L-L,0.2887171132750802,0.3623715376697393,0.0,1.0,mono,L1 docs
NL-JA,JA docs,27.2089,27.8247,0.6158000000000001,70.0,0.27354380963800545,1.1433722985797334,0.21428509934864498,1.2406439804069107,nl,ja,mismatch,1,1,L-H,0.373116872024497,0.5550502752731576,0.5,1.0,mono,L2 docs
NL-JA,NL + JA docs,28.7595,29.907,1.1475000000000009,30.0,0.5953079642363068,1.7395305931109641,0.4894202957766737,1.8542427957433993,nl,ja,mismatch,1,1,L-H,0.373116872024497,0.5550502752731576,0.5,1.0,bi,L1+L2 docs
NL-JA,NL docs,28.7171,29.6887,0.9716000000000022,30.0,0.4940436242604564,1.4669291879925188,0.4008532335991119,1.567334465116684,nl,ja,mismatch,1,1,L-H,0.373116872024497,0.5550502752731576,0.5,1.0,mono,L1 docs
NL-PT,NL + PT docs,28.9357,30.2207,1.2850000000000001,50.0,0.5725088652200612,1.7807579812492424,0.4901132162663095,1.902949852694394,nl,pt,match,1,1,L-L,0.1689605506258801,0.4767312946227962,0.0,0.8375,bi,L1+L2 docs
NL-PT,NL docs,28.7171,29.3543,0.6372,30.0,0.3571365622747768,1.0953256894424812,0.3088663767455209,1.1900731989045614,nl,pt,match,1,1,L-L,0.1689605506258801,0.4767312946227962,0.0,0.8375,mono,L1 docs
NL-PT,PT docs,28.7125,29.3295,0.6170000000000009,70.0,0.20191730968107272,1.1828211342650337,0.13651370729157425,1.2941892512054247,nl,pt,match,1,1,L-L,0.1689605506258801,0.4767312946227962,0.0,0.8375,mono,L2 docs
NL-RU,NL + RU docs,28.7142,30.0551,1.3408999999999978,30.0,0.8403286300127784,1.9987432835136134,0.7330862880531829,2.125925377924881,nl,ru,mismatch,1,1,L-L,0.242315119104557,0.502518907629606,1.0,0.7333333333333334,bi,L1+L2 docs
NL-RU,NL docs,28.7171,29.5601,0.843,30.0,0.3944218574081715,1.3151305221126284,0.3226725735006252,1.4009472715246907,nl,ru,mismatch,1,1,L-L,0.242315119104557,0.502518907629606,1.0,0.7333333333333334,mono,L1 docs
NL-RU,RU docs,27.1639,28.1627,0.9987999999999992,70.0,0.5433786265723027,1.544780477403629,0.4597222410538252,1.6426579014415588,nl,ru,mismatch,1,1,L-L,0.242315119104557,0.502518907629606,1.0,0.7333333333333334,mono,L2 docs
NL-VI,NL + VI docs,28.6705,29.6641,0.9936000000000007,30.0,0.47052242341663747,1.604515160108724,0.3707000669044918,1.7180750580775384,nl,vi,match,1,1,L-L,0.3172616744404917,0.4714045207910317,0.0,1.0,bi,L1+L2 docs
NL-VI,NL docs,28.7171,29.346,0.6289000000000016,30.0,0.29909302613682787,1.1114270585107935,0.2453561590404587,1.1979553068954405,nl,vi,match,1,1,L-L,0.3172616744404917,0.4714045207910317,0.0,1.0,mono,L1 docs
NL-VI,VI docs,26.1947,28.0689,1.8741999999999983,70.0,1.322222709883933,2.6156153637412767,1.2115982014814077,2.762150412841863,nl,vi,match,1,1,L-L,0.3172616744404917,0.4714045207910317,0.0,1.0,mono,L2 docs
NL-ZH,NL + ZH docs,28.7976,29.4954,0.6978000000000009,30.0,0.28099515533442343,1.3306043068925646,0.20996961268322756,1.4532997681700934,nl,zh,mismatch,1,1,L-H,0.3379507146089616,0.5685352436149612,0.6666666666666667,1.0,bi,L1+L2 docs
NL-ZH,NL docs,28.7171,29.506,0.7889000000000017,30.0,0.34421190373759103,1.2560496187566021,0.27136351817814414,1.3481373771120877,nl,zh,mismatch,1,1,L-H,0.3379507146089616,0.5685352436149612,0.6666666666666667,1.0,mono,L1 docs
NL-ZH,ZH docs,26.1669,27.118,0.9511000000000003,70.0,0.4897067190898852,1.6606853201284102,0.40382199491219345,1.8177912144569126,nl,zh,mismatch,1,1,L-H,0.3379507146089616,0.5685352436149612,0.6666666666666667,1.0,mono,L2 docs
PT-RU,PT + RU docs,28.6482,29.4634,0.8152000000000008,50.0,0.19674380395986973,1.6199191951919438,0.12159596981483914,1.753298185411151,pt,ru,mismatch,1,0,L-L,0.1813077269549341,0.5124707431905383,1.0,0.7708333333333334,bi,L1+L2 docs
PT-RU,PT docs,28.7125,29.2239,0.5114000000000019,30.0,0.11839797216513709,1.0293448942853816,0.0587277896951032,1.1362247214856396,pt,ru,mismatch,1,0,L-L,0.1813077269549341,0.5124707431905383,1.0,0.7708333333333334,mono,L1 docs
PT-RU,RU docs,27.1639,27.9979,0.8339999999999996,50.0,0.4336698532792388,1.5278517826773952,0.34399619185530683,1.6510628285298161,pt,ru,mismatch,1,0,L-L,0.1813077269549341,0.5124707431905383,1.0,0.7708333333333334,mono,L2 docs
PT-VI,PT + VI docs,28.554,29.1968,0.6428000000000011,30.0,0.18634238634579978,1.3978168335633017,0.10723688838367522,1.5521876511581294,pt,vi,match,1,1,L-L,0.2931023292072565,0.5075192189225524,0.0,1.0,bi,L1+L2 docs
PT-VI,PT docs,28.7125,29.2701,0.5576000000000008,30.0,0.09620360317310724,1.087958544328755,0.022760703465754532,1.1835454233172378,pt,vi,match,1,1,L-L,0.2931023292072565,0.5075192189225524,0.0,1.0,mono,L1 docs
PT-VI,VI docs,26.1947,27.656,1.4612999999999978,70.0,0.9647153487906442,2.2138796214953493,0.8591984616416963,2.345918992356778,pt,vi,match,1,1,L-L,0.2931023292072565,0.5075192189225524,0.0,1.0,mono,L2 docs
RU-VI,RU + VI docs,27.4804,28.4219,0.9415000000000013,30.0,0.45942913419776854,1.4985515314501723,0.3823859066356941,1.6074873980469329,ru,vi,mismatch,1,1,L-L,0.3941966917484879,0.5458752586258128,1.0,1.0,bi,L1+L2 docs
RU-VI,RU docs,27.1639,27.8369,0.6729999999999983,30.0,0.26907405773257836,1.1672659282048232,0.21425256991983901,1.2504797867523496,ru,vi,mismatch,1,1,L-L,0.3941966917484879,0.5458752586258128,1.0,1.0,mono,L1 docs
RU-VI,VI docs,26.1947,27.3568,1.1620999999999988,70.0,0.6262094316614176,1.7235334789637267,0.528236665174976,1.83674487805862,ru,vi,mismatch,1,1,L-L,0.3941966917484879,0.5458752586258128,1.0,1.0,mono,L2 docs
ZH-PT,PT docs,28.7125,29.3821,0.6696000000000026,70.0,0.20724213354146953,1.1897530513951964,0.12846105124384585,1.2816631178330404,zh,pt,mismatch,1,1,H-L,0.3474790731143906,0.5640760748177662,0.6666666666666667,1.0,mono,L2 docs
ZH-PT,ZH + PT docs,28.827,29.2039,0.3768999999999991,70.0,-0.12273159930233923,1.0377501454307878,-0.20092498856909058,1.1620276920549,zh,pt,mismatch,1,1,H-L,0.3474790731143906,0.5640760748177662,0.6666666666666667,1.0,bi,L1+L2 docs
ZH-PT,ZH docs,26.1669,26.8275,0.6606000000000023,30.0,0.24850968263738252,1.227694689536908,0.18804089094445742,1.3292096857934503,zh,pt,mismatch,1,1,H-L,0.3474790731143906,0.5640760748177662,0.6666666666666667,1.0,mono,L1 docs
ZH-RU,RU docs,27.1639,27.6451,0.48119999999999763,70.0,0.03449887807092297,0.9473658556184339,-0.044901541900083594,1.0364601238835378,zh,ru,mismatch,1,1,H-L,0.3370454362530621,0.6396021490668313,1.0,1.0,mono,L2 docs
ZH-RU,ZH + RU docs,27.2986,27.7904,0.49180000000000135,70.0,0.090873731805579,1.115019697888606,0.016978409476418235,1.237065759871098,zh,ru,mismatch,1,1,H-L,0.3370454362530621,0.6396021490668313,1.0,1.0,bi,L1+L2 docs
ZH-RU,ZH docs,26.1669,27.0085,0.8416000000000032,30.0,0.3568120703117971,1.3544921012502227,0.26869506679870403,1.4631397809733064,zh,ru,mismatch,1,1,H-L,0.3370454362530621,0.6396021490668313,1.0,1.0,mono,L1 docs
ZH-VI,VI docs,26.1947,27.1552,0.9604999999999997,70.0,0.4661728771473596,1.465735287592711,0.3715829581322507,1.5662384057744858,zh,vi,mismatch,1,0,H-L,0.3820224719101123,0.3481553119113956,0.6666666666666667,1.0,mono,L2 docs
ZH-VI,ZH + VI docs,26.5665,27.1861,0.6195999999999984,70.0,0.19056165280580242,1.2617130997348824,0.12163770085650372,1.3919373375960384,zh,vi,mismatch,1,0,H-L,0.3820224719101123,0.3481553119113956,0.6666666666666667,1.0,bi,L1+L2 docs
ZH-VI,ZH docs,26.1669,26.5847,0.4178000000000033,30.0,0.06843518780104267,0.9171667228700559,0.008241050940705121,1.0182599278036315,zh,vi,mismatch,1,0,H-L,0.3820224719101123,0.3481553119113956,0.6666666666666667,1.0,mono,L1 docs
